number,doi,title,figure_status,original_rights_status,correspondence_status,evidence_level,asset_path,ko_page,en_page
101,,Synergistic Mechano-Fluidic Self-Fusion of Poly(vinyl alcohol)-Modified Liquid-Metal Particles for Post-Treatment-Free Soft Electronics,evidence_pending,pending_content,unresolved,catalogue,,ko/papers/101.html,en/papers/101.html
100,10.1016/j.mser.2026.101285,Bridging IC chips and deformable circuits: A packaging framework for high-density soft electronics,evidence_pending,pending_content,unresolved,metadata,,ko/papers/100.html,en/papers/100.html
99,10.1002/smsc.70402,Advances in Wearable Thermoelectric Devices: Strategies for Enhancing Wearability and Performance,generated_concept,pending_rights,confirmed_corresponding,full_text,assets/concepts/paper-099-concept.webp,ko/papers/099.html,en/papers/099.html
98,10.1093/burnst/tkag055,Bioadhesive hydrogels as immunomodulatory interfaces for chronic wound healing: from microenvironmental regulation mechanism to engineering strategies,generated_concept,pending_rights,confirmed_corresponding,full_text,assets/concepts/paper-098-concept.webp,ko/papers/098.html,en/papers/098.html
97,10.1002/adma.74385,"Play‐Doh Inspired a Transformative, Shape‐Adaptive iHEÄLS Enabling Post‐Crosslinking Mechanical‐Biological Modulation and Its Effectiveness in Musculoskeletal Repair",concept_review_pending,pending_rights,confirmed_not_corresponding,abstract,,ko/papers/097.html,en/papers/097.html
96,10.1002/adfm.77191,Immune‐Responsive Bioinks Enable Vision‐Guided in Situ Robotic Bioprinting to Accelerate Diabetic Wound Healing,concept_review_pending,pending_rights,confirmed_not_corresponding,abstract,,ko/papers/096.html,en/papers/096.html
95,10.1016/j.mtbio.2026.103405,"Lubricious anti-adhesive interface prevents friction, biofilm, and encrustation in long-term indwelling ureteral stents",original_figure,permitted,confirmed_corresponding,full_text,assets/figures/paper-095-figure-1.jpg,ko/papers/095.html,en/papers/095.html
94,10.1016/j.mtbio.2026.103299,Intelligent multimodal-energy-driven piezoelectric antibacterial platforms: From structural control to system-level diagnosis,original_figure,permitted,confirmed_not_corresponding,abstract,assets/figures/paper-094-scheme-1.jpg,ko/papers/094.html,en/papers/094.html
93,10.1021/acsami.6c04312,Disposable Endoscope Cap Maintaining Clear Surgical Visualization under Fogging and Fouling,generated_concept,pending_rights,confirmed_corresponding,abstract,assets/concepts/paper-093-concept.webp,ko/papers/093.html,en/papers/093.html
92,10.1038/s41467-026-72068-6,"Quinone-mediated, tissue-adaptive double-network hydrogel for instant hemostasis and wet-tissue adhesion",original_figure,permitted,confirmed_corresponding,full_text,assets/figures/paper-092-figure-2.webp,ko/papers/092.html,en/papers/092.html
91,10.1016/j.bioactmat.2026.02.003,Slippery dopamine–fluoropolymer hybrid surface for improving biliary stent longevity,original_figure,permitted,confirmed_corresponding,full_text,assets/figures/paper-091-figure-1.jpg,ko/papers/091.html,en/papers/091.html
90,10.1002/adma.202515767,Ion‑Mediated Structural Engineering of Hydrogel Interfaces for Tunable Mechanical and Analyte Diffusion Properties in Electrochemical Biosensors,original_figure,permitted,confirmed_corresponding,full_text,assets/figures/paper-090-figure-1.jpg,ko/papers/090.html,en/papers/090.html
89,10.1002/smll.202510949,Mechanically Robust and Anti‐Biofouling Hybrid Encapsulation via Layered Organic–Liquid Interfaces for Implantable Devices,generated_concept,link_only,confirmed_corresponding,full_text,assets/concepts/paper-089-concept.webp,ko/papers/089.html,en/papers/089.html
88,10.1002/adhm.202504939,Optimized Electrical Stimulation Using a Spray‐Printed Conductive Electroceutical Patch for Accelerated Wound Healing in Diabetic Mice,original_figure,permitted,confirmed_corresponding,full_text,assets/figures/paper-088-figure-1.jpg,ko/papers/088.html,en/papers/088.html
87,10.1021/acsami.5c19771,"A Remotely Actuated Multifunctional Nitinol–PMMA Smart Biocomposite: Microcellular Foaming, Shape Morphing, and Controlled Drug Release",concept_review_pending,pending_rights,final_source_recheck,abstract,,ko/papers/087.html,en/papers/087.html
86,10.1002/aelm.202500475,Encapsulation Strategies for OLEDs: From Conventional Devices to Flexible and Biointegrated Applications,generated_concept,pending_rights,confirmed_corresponding,full_text,assets/concepts/paper-086-concept.webp,ko/papers/086.html,en/papers/086.html
85,10.1126/sciadv.adz1228,Bioadaptive liquid-infused multifunctional fibers for long-term neural recording via BDNF stabilization and enhanced neural interaction,original_figure,permitted,confirmed_corresponding,full_text,assets/figures/paper-085-figure-1.jpg,ko/papers/085.html,en/papers/085.html
84,10.1002/smll.202501590,Gas‐Specific and Tunable Hydrogen‐Selective ZIF Membrane through Combined Physical Confinement and Sealing Techniques,original_figure,permitted,confirmed_not_corresponding,full_text,assets/figures/paper-084-figure-1.jpg,ko/papers/084.html,en/papers/084.html
83,10.1002/admi.202500353,Rapid and Scalable Lubrication Coating for Industrial and Medical Applications via Sequential Dip‐Coating,generated_concept,pending_rights,confirmed_corresponding,full_text,assets/concepts/paper-083-concept.webp,ko/papers/083.html,en/papers/083.html
82,10.1002/adhm.202401735,Large Scale Ultrafast Manufacturing of Wireless Soft Bioelectronics Enabled by Autonomous Robot Arm Printing Assisted by a Computer Vision‐Enabled Guidance System for Personalized Wound Healing,generated_concept,link_only,confirmed_corresponding,full_text,assets/concepts/paper-082-concept.webp,ko/papers/082.html,en/papers/082.html
81,10.1002/smll.202402431,Lubricant‐Coated Organ‐on‐a‐Chip for Enhanced Precision in Preclinical Drug Testing,generated_concept,pending_rights,confirmed_corresponding,full_text,assets/concepts/paper-081-concept.webp,ko/papers/081.html,en/papers/081.html
80,10.1038/s41528-024-00327-x,Universal hydrogel adhesives with robust chain entanglement for bridging soft electronic materials,original_figure,permitted,confirmed_corresponding,full_text,assets/figures/paper-080-figure-1.webp,ko/papers/080.html,en/papers/080.html
79,10.1002/admt.202400157,Hydrogel Ink for 3D Printing with High and Widely Tunable Mechanical Properties via the Salting‐Out Effect,concept_review_pending,link_only,confirmed_not_corresponding,full_text,,ko/papers/079.html,en/papers/079.html
78,10.1021/acsnano.4c00396,"Postoperative Long-Term Monitoring of Mechanical Characteristics in Reconstructed Soft Tissues Using Biocompatible, Immune-Tolerant, and Wireless Electronic Sutures",generated_concept,link_only,confirmed_corresponding,full_text,assets/concepts/paper-078-concept.webp,ko/papers/078.html,en/papers/078.html
77,10.1016/j.bios.2024.116257,Modulus-tunable multifunctional hydrogel ink with nanofillers for 3D-Printed soft electronics,generated_concept,link_only,confirmed_corresponding,full_text,assets/concepts/paper-077-concept.webp,ko/papers/077.html,en/papers/077.html
76,10.1002/aelm.202400013,"Autonomously Self‐healing, Adhesive, and Stretchable Triboelectric Nanogenerator Using Multifunctional Hydrogel‐Elastomer Double Layer with a Power Management Circuit",original_figure,permitted,confirmed_corresponding,full_text,assets/figures/paper-076-figure-1.jpg,ko/papers/076.html,en/papers/076.html
75,10.1002/admt.202400060,Intelligent In situ Printing of Multimaterial Bioinks for First‐Aid Wound Care Guided by Eye‐In‐Hand Robot Technology,concept_review_pending,link_only,confirmed_not_corresponding,abstract,,ko/papers/075.html,en/papers/075.html
74,10.1039/d3im00122a,Liquid-based electronic materials for bioelectronics: current trends and challenges,generated_concept,link_only,confirmed_corresponding,full_text,assets/concepts/paper-074-concept.webp,ko/papers/074.html,en/papers/074.html
73,10.1016/j.cej.2024.149043,Bioactivated lubricant-infused surfaces: A dual-action strategy for enhancing osseointegration and preventing implant-associated infections,evidence_pending,pending_content,unresolved,metadata,,ko/papers/073.html,en/papers/073.html
72,10.1002/adfm.202312740,Lubricant‐Infused Polymeric Interfaces: A Stretchable and Anti‐Fouling Surface for Implantable Biomaterials,generated_concept,link_only,confirmed_corresponding,full_text,assets/concepts/paper-072-concept.webp,ko/papers/072.html,en/papers/072.html
71,10.1002/adfm.202311696,Functionalized EGaIn Electrodes with Tunable Reduced‐Graphene‐Oxide Assembled EGaIn Core–Shell Particles for Soft and Deformable Electrochemical Biosensors,concept_review_pending,link_only,confirmed_not_corresponding,full_text,,ko/papers/071.html,en/papers/071.html
70,10.1002/advs.202303651,A Mechanically Resilient and Tissue‐Conformable Hydrogel with Hemostatic and Antibacterial Capabilities for Wound Care,original_figure,permitted,confirmed_corresponding,full_text,assets/figures/paper-070-figure-1.jpg,ko/papers/070.html,en/papers/070.html
69,10.18063/ijb.765,3D printing of mechanically tough and self-healing hydrogels with carbon nanotube fillers,original_figure,permitted,confirmed_corresponding,full_text,assets/figures/paper-069-figure-1.jpg,ko/papers/069.html,en/papers/069.html
68,10.1021/acsnano.2c10657,Resealable Antithrombotic Artificial Vascular Graft Integrated with a Self-Healing Blood Flow Sensor,generated_concept,link_only,confirmed_corresponding,full_text,assets/concepts/paper-068-concept.webp,ko/papers/068.html,en/papers/068.html
67,10.1016/j.bioactmat.2022.07.019,Lubricant skin on diverse biomaterials with complex shapes via polydopamine-mediated surface functionalization for biomedical applications,concept_review_pending,pending_rights,confirmed_corresponding,abstract,,ko/papers/067.html,en/papers/067.html
66,10.1002/advs.202207237,Intrinsically Nonswellable Multifunctional Hydrogel with Dynamic Nanoconfinement Networks for Robust Tissue‐Adaptable Bioelectronics,original_figure,permitted,confirmed_corresponding,full_text,assets/figures/paper-066-figure-1.jpg,ko/papers/066.html,en/papers/066.html
65,10.3390/bios13010083,A Review on Microfluidics-Based Impedance Biosensors,generated_concept,link_only,confirmed_corresponding,full_text,assets/concepts/paper-065-concept.webp,ko/papers/065.html,en/papers/065.html
64,10.1109/ius54386.2022.9958066,Giant Pressure Output Efficiency of Capacitive Micromachined Ultrasonic Transducers Using Nano-Silicon-Springs,evidence_pending,pending_content,unresolved,metadata,,ko/papers/064.html,en/papers/064.html
63,10.1021/acsaelm.1c01212,Functional Bioelectronic Materials for Long-Term Biocompatibility and Functionality,evidence_pending,pending_content,confirmed_corresponding,metadata,,ko/papers/063.html,en/papers/063.html
62,10.1002/smll.202107060,Development of a Photonic Switch via Electro‐Capillarity‐Induced Water Penetration Across a 10‐nm Gap,concept_review_pending,link_only,confirmed_not_corresponding,abstract,,ko/papers/062.html,en/papers/062.html
61,10.1002/biot.202100231,Rational engineering and applications of functional bioadhesives in biomedical engineering,concept_review_pending,pending_rights,confirmed_corresponding,abstract,,ko/papers/061.html,en/papers/061.html
60,10.1039/d1nr04508c,A multifunctional electronic suture for continuous strain monitoring and on-demand drug release,concept_review_pending,link_only,confirmed_corresponding,full_text,,ko/papers/060.html,en/papers/060.html
59,10.1002/advs.202100231,A Lubricated Nonimmunogenic Neural Probe for Acute Insertion Trauma Minimization and Long‐Term Signal Recording,original_figure,permitted,confirmed_corresponding,full_text,assets/figures/paper-059-figure-1.jpg,ko/papers/059.html,en/papers/059.html
58,10.1002/adma.202005930,Electronic Drugs: Spatial and Temporal Medical Treatment of Human Diseases,generated_concept,pending_rights,confirmed_corresponding,full_text,assets/concepts/paper-058-concept.webp,ko/papers/058.html,en/papers/058.html
57,10.1126/sciadv.abb0025,Antibacterial infection and immune-evasive coating for orthopedic implants,original_figure,permitted,confirmed_corresponding,full_text,assets/figures/paper-057-figure-2.png,ko/papers/057.html,en/papers/057.html
56,10.1038/s41598-020-74517-8,Lubricant-infused directly engraved nano-microstructures for mechanically durable endoscope lens with anti-biofouling and anti-fogging properties,original_figure,permitted,confirmed_corresponding,full_text,assets/figures/paper-056-figure-4.png,ko/papers/056.html,en/papers/056.html
55,10.1007/s13206-020-4105-7,Recent Advances in Anti-inflammatory Strategies for Implantable Biosensors and Medical Implants,generated_concept,link_only,confirmed_corresponding,full_text,assets/concepts/paper-055-concept.webp,ko/papers/055.html,en/papers/055.html
54,10.1021/acsami.9b02927,Biocompatible Carbon Nanotube-Based Hybrid Microfiber for Implantable Electrochemical Actuator and Flexible Electronic Applications,concept_review_pending,pending_rights,confirmed_not_corresponding,abstract,,ko/papers/054.html,en/papers/054.html
53,10.1002/cnma.201900146,Flexible and Stretchable PEDOT‐Embedded Hybrid Substrates for Bioengineering and Sensory Applications,concept_review_pending,link_only,confirmed_not_corresponding,full_text,,ko/papers/053.html,en/papers/053.html
52,10.1002/adhm.201801146,Cardiac Fibrotic Remodeling on a Chip with Dynamic Mechanical Stimulation,concept_review_pending,pending_rights,confirmed_not_corresponding,abstract,,ko/papers/052.html,en/papers/052.html
51,10.1021/acsami.8b17181,Nonfluorinated Superomniphobic Surfaces through Shape-Tunable Mushroom-like Polymeric Micropillar Arrays,concept_review_pending,pending_rights,confirmed_corresponding,full_text,,ko/papers/051.html,en/papers/051.html
50,10.2174/1381612825666190207093438,Recent Advances in High-throughput Platforms with Engineered Biomaterial Microarrays for Screening of Cell and Tissue Behavior,concept_review_pending,pending_rights,confirmed_corresponding,abstract,,ko/papers/050.html,en/papers/050.html
49,10.1021/acsanm.8b01429,pH-Responsive DNA Nanolinker Conjugated Hybrid Materials for Electrochemical Microactuator and Biosensor Applications,evidence_pending,pending_content,unresolved,metadata,,ko/papers/049.html,en/papers/049.html
48,10.1021/acsami.8b10217,Highly Conductive Fiber with Waterproof and Self-Cleaning Properties for Textile Electronics,generated_concept,link_only,confirmed_corresponding,full_text,assets/concepts/paper-048-concept.webp,ko/papers/048.html,en/papers/048.html
47,10.1016/j.snb.2018.04.040,Full length histone H3 conjugated electrochemical biosensor for extracellular proteolytic Cathepsin L activity detection,evidence_pending,pending_content,confirmed_corresponding,metadata,,ko/papers/047.html,en/papers/047.html
46,10.1021/acsnano.7b07795,Highly Sensitive Multifilament Fiber Strain Sensors with Ultrabroad Sensing Range for Textile Electronics,generated_concept,link_only,confirmed_not_corresponding,abstract,assets/concepts/paper-046-concept.webp,ko/papers/046.html,en/papers/046.html
45,10.1021/acsami.7b17991,Interconnectable Dynamic Compression Bioreactors for Combinatorial Screening of Cell Mechanobiology in Three Dimensions,generated_concept,link_only,confirmed_not_corresponding,abstract,assets/concepts/paper-045-concept.webp,ko/papers/045.html,en/papers/045.html
44,10.1002/adma.201704189,Electrically Driven Microengineered Bioinspired Soft Robots,generated_concept,link_only,confirmed_not_corresponding,abstract,assets/concepts/paper-044-concept.webp,ko/papers/044.html,en/papers/044.html
43,10.1021/acsnano.7b05826,Single-Droplet Multiplex Bioassay on a Robust and Stretchable Extreme Wetting Substrate through Vacuum-Based Droplet Manipulation,generated_concept,link_only,confirmed_corresponding,full_text,assets/concepts/paper-043-concept.webp,ko/papers/043.html,en/papers/043.html
42,10.3390/coatings8020047,Chemical and Physical Pathways for Fabricating Flexible Superamphiphobic Surfaces with High Transparency,original_figure,permitted,confirmed_corresponding,full_text,assets/figures/pub-042-figure-2-original-pdf.png,ko/papers/042.html,en/papers/042.html
41,10.1016/j.biomaterials.2017.06.022,High-throughput approaches for screening and analysis of cell behaviors,generated_concept,link_only,confirmed_not_corresponding,full_text,assets/concepts/paper-041-concept.webp,ko/papers/041.html,en/papers/041.html
40,10.1088/1674-4926/39/1/011009,Hybrid functional microfibers for textile electronics and biosensors,concept_review_pending,link_only,confirmed_not_corresponding,abstract,,ko/papers/040.html,en/papers/040.html
39,10.1039/c7nr05446g,Electroconductive nanoscale topography for enhanced neuronal differentiation and electrophysiological maturation of human neural stem cells,concept_review_pending,link_only,confirmed_not_corresponding,abstract,,ko/papers/039.html,en/papers/039.html
38,10.1016/j.mser.2017.07.001,Spatially and temporally controlled hydrogels for tissue engineering,concept_review_pending,link_only,confirmed_not_corresponding,abstract,,ko/papers/038.html,en/papers/038.html
37,10.1016/j.nantod.2017.06.008,Evolution and clinical translation of drug delivery nanomaterials,concept_review_pending,link_only,confirmed_not_corresponding,abstract,,ko/papers/037.html,en/papers/037.html
36,10.1002/adfm.201701618,Bioinspired Geometry‐Switchable Janus Nanofibers for Eye‐Readable H2 Sensors,concept_review_pending,link_only,confirmed_not_corresponding,abstract,,ko/papers/036.html,en/papers/036.html
35,10.1063/1.4994708,Bioprinted 3D vascularized tissue model for drug toxicity analysis,concept_review_pending,link_only,confirmed_not_corresponding,abstract,,ko/papers/035.html,en/papers/035.html
34,10.1002/smll.201602865,A Droplet‐Based High‐Throughput SERS Platform on a Droplet‐Guiding‐Track‐Engraved Superhydrophobic Substrate,concept_review_pending,link_only,confirmed_not_corresponding,abstract,,ko/papers/034.html,en/papers/034.html
33,10.1002/adma.201601900,Triboelectric Nanogenerator Accelerates Highly Efficient Nonviral Direct Conversion and In Vivo Reprogramming of Fibroblasts to Functional Neuronal Cells,concept_review_pending,link_only,confirmed_not_corresponding,abstract,,ko/papers/033.html,en/papers/033.html
32,10.1021/acsami.6b01804,Graphene Oxide Hierarchical Patterns for the Derivation of Electrophysiologically Functional Neuron-like Cells from Human Neural Stem Cells,concept_review_pending,link_only,confirmed_not_corresponding,abstract,,ko/papers/032.html,en/papers/032.html
31,10.1038/am.2016.42,A facile method for the selective decoration of graphene defects based on a galvanic displacement reaction,original_figure,permitted,confirmed_not_corresponding,full_text,assets/figures/paper-031-figure-5.jpg,ko/papers/031.html,en/papers/031.html
30,10.3390/ma9020116,Bio-Inspired Extreme Wetting Surfaces for Biomedical Applications,original_figure,permitted,confirmed_not_corresponding,abstract,assets/figures/paper-030-figure-2.jpg,ko/papers/030.html,en/papers/030.html
29,10.1155/2015/975043,Highly Stable Surface‐Enhanced Raman Spectroscopy Substrates Using Few‐Layer Graphene on Silver Nanoparticles,original_figure,permitted,confirmed_not_corresponding,full_text,assets/figures/pub-029-figure-1-original-pdf.png,ko/papers/029.html,en/papers/029.html
28,10.1039/c5tc01890k,The impact of atomic layer deposited SiO 2 passivation for high-k Ta 1−x Zr x O on the InP substrate,generated_concept,link_only,confirmed_not_corresponding,abstract,assets/concepts/paper-028-concept.webp,ko/papers/028.html,en/papers/028.html
27,10.3390/nano5031493,"Textile-Based Electronic Components for Energy Applications: Principles, Problems, and Perspective",generated_concept,link_only,confirmed_not_corresponding,abstract,assets/concepts/paper-027-concept.webp,ko/papers/027.html,en/papers/027.html
26,10.1016/j.apsusc.2015.03.107,Proton irradiation energy dependence of defect formation in graphene,generated_concept,link_only,confirmed_not_corresponding,full_text,assets/concepts/paper-026-concept.webp,ko/papers/026.html,en/papers/026.html
25,10.1021/acs.chemmater.5b01038,Reversible Liquid Adhesion Switching of Superamphiphobic Pd-Decorated Ag Dendrites via Gas-Induced Structural Changes,generated_concept,link_only,confirmed_not_corresponding,full_text,assets/concepts/paper-025-concept.webp,ko/papers/025.html,en/papers/025.html
24,10.1038/srep12326,Path-programmable water droplet manipulations on an adhesion controlled superhydrophobic surface,original_figure,permitted,confirmed_not_corresponding,abstract,assets/figures/paper-024-figure-1.jpg,ko/papers/024.html,en/papers/024.html
23,10.1038/srep12306,Efficient Direct Reduction of Graphene Oxide by Silicon Substrate,original_figure,permitted,confirmed_not_corresponding,abstract,assets/figures/paper-023-figure-1.jpg,ko/papers/023.html,en/papers/023.html
22,10.1109/tthz.2015.2428619,Counterbalanced Effect of Surface Trap and Auger Recombination on the Transverse Terahertz Carrier Dynamics in Silicon Nanowires,concept_review_pending,link_only,unresolved,full_text,,ko/papers/022.html,en/papers/022.html
21,10.1002/adfm.201500628,Ag Nanowire Reinforced Highly Stretchable Conductive Fibers for Wearable Electronics,concept_review_pending,link_only,confirmed_not_corresponding,abstract,,ko/papers/021.html,en/papers/021.html
20,10.1002/adma.201500009,Conductive Fiber‐Based Ultrasensitive Textile Pressure Sensor for Wearable Electronics,concept_review_pending,pending_content,confirmed_not_corresponding,abstract,,ko/papers/020.html,en/papers/020.html
19,10.1021/am5073645,A Highly Sensitive Hydrogen Sensor with Gas Selectivity Using a PMMA Membrane-Coated Pd Nanoparticle/Single-Layer Graphene Hybrid,concept_review_pending,pending_content,confirmed_not_corresponding,abstract,,ko/papers/019.html,en/papers/019.html
18,10.1016/j.jpowsour.2014.10.137,Preparation of a self-assembled organosilane coating on carbon black as a catalyst support in polymer electrolyte membrane fuel cells,concept_review_pending,link_only,confirmed_not_corresponding,full_text,,ko/papers/018.html,en/papers/018.html
17,10.1039/c4ra13014f,Electrostatically-induced trajectory switching system on a multi-inlet-multi-outlet superhydrophobic droplet guiding track,concept_review_pending,pending_content,confirmed_not_corresponding,abstract,,ko/papers/017.html,en/papers/017.html
16,10.1186/1556-276x-9-610,Enhancement of X-ray detection by single-walled carbon nanotube enriched flexible polymer composite,original_figure,permitted,confirmed_not_corresponding,abstract,assets/figures/paper-016-figure-1.jpg,ko/papers/016.html,en/papers/016.html
15,10.1039/c4ra08134j,Coupled self-assembled monolayer for enhancement of Cu diffusion barrier and adhesion properties,concept_review_pending,link_only,confirmed_not_corresponding,full_text,,ko/papers/015.html,en/papers/015.html
14,10.1002/adma.201402273,"Switchable Water‐Adhesive, Superhydrophobic Palladium‐Layered Silicon Nanowires Potentiate the Angiogenic Efficacy of Human Stem Cell Spheroids",concept_review_pending,link_only,confirmed_not_corresponding,full_text,,ko/papers/014.html,en/papers/014.html
13,10.1021/am5000382,Capillary Force-Induced Glue-Free Printing of Ag Nanoparticle Arrays for Highly Sensitive SERS Substrates,concept_review_pending,link_only,confirmed_not_corresponding,full_text,,ko/papers/013.html,en/papers/013.html
12,10.1021/nn4040926,Extremely Bright Full Color Alternating Current Electroluminescence of Solution-Blended Fluorescent Polymers with Self-Assembled Block Copolymer Micelles,generated_concept,link_only,confirmed_not_corresponding,full_text,assets/concepts/paper-012-concept.webp,ko/papers/012.html,en/papers/012.html
11,10.1002/adma.201300979,Gas‐Driven Ultrafast Reversible Switching of Super‐hydrophobic Adhesion on Palladium‐Coated Silicon Nanowires,generated_concept,link_only,confirmed_not_corresponding,full_text,assets/concepts/paper-011-concept.webp,ko/papers/011.html,en/papers/011.html
10,10.1016/j.tsf.2012.12.010,Reversible wettability control of silicon nanowire surfaces: From superhydrophilicity to superhydrophobicity,concept_review_pending,link_only,confirmed_not_corresponding,full_text,,ko/papers/010.html,en/papers/010.html
9,10.1016/j.tsf.2012.10.001,Nanomaterials on flexible substrates to explore innovative functions: From energy harvesting to bio-integrated electronics,concept_review_pending,link_only,confirmed_not_corresponding,full_text,,ko/papers/009.html,en/papers/009.html
8,10.1002/smll.201102367,Direct Gravure Printing of Silicon Nanowires Using Entropic Attraction Forces,concept_review_pending,link_only,confirmed_not_corresponding,full_text,,ko/papers/008.html,en/papers/008.html
7,10.1007/s11051-012-0840-6,The effects of surface modification on the electrical properties of p–n + junction silicon nanowires grown by an aqueous electroless etching method,concept_review_pending,link_only,confirmed_not_corresponding,full_text,,ko/papers/007.html,en/papers/007.html
6,10.1021/am2011756,Guided Transport of Water Droplets on Superhydrophobic–Hydrophilic Patterned Si Nanowires,concept_review_pending,link_only,confirmed_not_corresponding,full_text,,ko/papers/006.html,en/papers/006.html
5,10.3938/jkps.59.501,Si/Si1-xGex/Si Heterojunction PIN Nanowires Fabricated by Using an Aqueous Electroless Etching Method,concept_review_pending,pending_rights,confirmed_not_corresponding,full_text,,ko/papers/005.html,en/papers/005.html
4,10.1016/j.apsusc.2010.12.158,"Growth, modulation and photoresponse characteristics of vertically aligned ZnO nanowires",concept_review_pending,link_only,confirmed_not_corresponding,full_text,,ko/papers/004.html,en/papers/004.html
3,10.1016/j.tsf.2010.08.140,Surface deformation of amorphous silicon thin film on elastomeric substrate,concept_review_pending,link_only,confirmed_not_corresponding,full_text,,ko/papers/003.html,en/papers/003.html
2,10.1143/jjap.49.104003,Trade-Off Relationship of Size and Density of Platinum Nanocrystal in Nonvolatile Memory Characteristics,concept_review_pending,link_only,confirmed_not_corresponding,full_text,,ko/papers/002.html,en/papers/002.html
1,10.1016/j.apsusc.2008.11.085,Effects of H2 ambient annealing in fully 002-textured ZnO:Ga thin films grown on glass substrates using RF magnetron co-sputter deposition,concept_review_pending,link_only,confirmed_not_corresponding,full_text,,ko/papers/001.html,en/papers/001.html
