number,title,outlet,date,url,channel,editorial_type,verification,match_status,match_ko,match_en,scope_ko,scope_en,related_numbers,title_basis,date_basis,verification_by,verification_provenance,association_role
100,Bridging IC chips and deformable circuits — Jungmok Seo의 연구 소개,Jungmok Seo · LinkedIn,,https://www.linkedin.com/feed/update/urn:li:activity:7511662243919446017/,linkedin,self_authored,body_read,confirmed,"공개 게시물에 #100의 정확한 논문 제목, MSE R 학술지와 패키징 구조 설명이 있습니다.","The public post gives the exact title of #100, MSE R, and the packaging architectures.",공개 게시물 본문을 확인했습니다. 표시 날짜는 상대 시간(1d)이므로 절대 날짜를 추정하지 않았습니다. 연구자 본인 소개이며 독립 언론 보도가 아닙니다.,"The public post body was read. Its relative timestamp (1d) is not converted into an inferred date. This is the researcher’s own post, not independent reporting.",[100],,,,,
98,Bioadhesive hydrogels and the SCOPE electroceutical patch — Jungmok Seo의 연구 소개,Jungmok Seo · LinkedIn,,https://www.linkedin.com/feed/update/urn:li:activity:7511711909092478976/,linkedin,self_authored,body_read,confirmed,앞부분에 #98의 정확한 리뷰 제목과 제1저자 손가영·김수아가 명시됩니다.,The opening names the exact review title of #98 and first authors Kayoung Son and Soo A Kim.,공개 게시물 본문을 확인했습니다. 뒤의 SCOPE 실험 논문 #88과 리뷰 #98을 구분합니다. 상대 시간(23h)만 있어 절대 날짜는 미확인입니다.,"The public post body was read. Review #98 is distinguished from the later discussion of experimental SCOPE paper #88. Only a relative time (23h) was visible, so the date remains unconfirmed.","[98,88]",,,,,
97,Transformative Biomaterial iHEÄLS for Musculoskeletal Repair,Niyou Wang · LinkedIn,,https://www.linkedin.com/posts/niyou-wang-2aa05446_playdoh-inspired-a-transformative-shapeadaptive-activity-7493559533554835456-dgjx,linkedin,self_authored,body_read,confirmed,"iHEÄLS 논문의 정확한 제목과 Advanced Materials, 저자 및 기계적 훈련·골 재생 내용이 일치합니다.","The exact iHEÄLS title, Advanced Materials, authors and mechanical-training/bone-repair description match.",공개 게시물 본문과 연결된 논문 제목을 확인했습니다. 상대적 게시 시각만 보여 절대 날짜는 확정하지 않았습니다. 저자의 연구 홍보이며 독립 검증 자료는 아닙니다.,"The public post and linked paper title were read. Only a relative timestamp was shown, so the date is null. This is author promotion, not independent validation.",[97],,,,,
97,Injectable Hydrogel iHEALS for Bone Regeneration,Sang Jin Lee · LinkedIn,,https://www.linkedin.com/posts/sang-jin-lee-16880b1a8_playdoh-inspired-a-transformative-shapeadaptive-activity-7489708320174559232-T0LI,linkedin,self_authored,body_read,confirmed,교신저자가 iHEÄLS의 정확한 제목을 연결하고 형태 적응성·골 재생 연구를 소개합니다.,The corresponding author links the exact iHEÄLS title and describes shape adaptation and bone regeneration.,공개 게시물 본문과 연결된 논문 제목을 확인했습니다. 상대적 게시 시각만 보여 절대 날짜는 확정하지 않았습니다. 저자의 연구 홍보이며 독립 검증 자료는 아닙니다.,"The public post and linked paper title were read. Only a relative timestamp was shown, so the date is null. This is author promotion, not independent validation.",[97],,,,,
96,Immune-Responsive Bioinks for Diabetic Wound Healing Published in Advanced Functional Materials,Seol-Ha Jeong · LinkedIn,,https://www.linkedin.com/posts/seol-ha-jeong-733b72119_immuneresponsive-bioinks-enable-visionguided-activity-7486677255268519936-c9CA,linkedin,self_authored,body_read,confirmed,"제1저자 게시물의 정확한 논문 제목, AFM, 시각 유도 로봇 바이오프린팅 및 공동 연구진이 일치합니다.","The first author's post matches the exact title, AFM, vision-guided robotic bioprinting and collaborating authors.",공개 게시물 본문과 연결된 논문 제목을 확인했습니다. 상대적 게시 시각만 보여 절대 날짜는 확정하지 않았습니다. 저자의 연구 홍보이며 독립 검증 자료는 아닙니다.,"The public post and linked paper title were read. Only a relative timestamp was shown, so the date is null. This is author promotion, not independent validation.",[96],,,,,
96,AI가 상처 읽고 현장에서 바로 인쇄…당뇨병성 만성 상처 치료 새 길,헬스365뉴스,2026-08-13,https://www.imb.or.kr/19897,independent_media,unresolved,body_read,confirmed,"김우진·김기태 연구진, Advanced Functional Materials, 산소 전달 제인 입자·줄기세포 바이오잉크와 INSIGHT 로봇 플랫폼의 조합이 #96과 일치합니다.","The named Kim researchers, AFM, oxygen-releasing zein/stem-cell bioink and INSIGHT robotic platform identify #96.",웹 도구 열기는 실패했으나 공개 HTTP 본문에서 제목·게시일과 연구 내용을 읽었습니다. DOI는 기사에 없으며 기관 발표 기반인지 독립 취재인지는 확정하지 않았습니다.,"The web-tool open failed; a normal public HTTP fetch exposed the title, date and article body. No DOI was printed. Independent reporting was not established.",[96],,,,,
95,[강남세브란스] 요관 스텐트 최대 난제 해결할 차세대 표면 기술 개발,세브란스 뉴스,2026-08-27,https://myseverance.severance.healthcare/news/press/report.do?article.offset=0&articleLimit=12&articleNo=130793&mode=view,institutional,institutional_release,body_read,confirmed,"구교철·서정목·조예진·이연택 연구진, Materials Today Bio, 다공성 TPU의 윤활 저장 구조 FLUID가 #95와 일치합니다.","The Koo/Seo/Jo/Lee team, Materials Today Bio and FLUID porous-TPU lubricant reservoir identify #95.",공식 보도자료 본문·게시일을 확인했습니다. 다른 세브란스 하위 도메인의 동일 articleNo 문서는 별도 매체로 세지 않았습니다.,The official release body and date were read. Mirrors with the same article number on other Severance subdomains were not counted separately.,[95],,,,,
95,요로결석 때문에 넣은 스텐트에 또 결석 생기지 않게···자가재생 윤활 스텐트 개발,경향신문,2026-08-27,https://www.khan.co.kr/article/202608271451001,independent_media,press_release_republication,body_read,confirmed,"구교철·서정목 연구진과 FLUID 요관 스텐트, Materials Today Bio가 일치합니다.","The Koo/Seo team, FLUID ureteral stent and Materials Today Bio match.",기사 본문과 게시일을 읽었습니다. 기관 자료와 연구 설명·인용이 겹치는 발표 기반 보도이며 독립 취재로 집계하지 않았습니다.,The article body and date were read. Its study description and quotations track the institutional release; it is not counted as verified independent reporting.,[95],,,,,
95,요관 스텐트 최대 난제 해결할 차세대 표면 기술 개발,이데일리 · Daum 뉴스,2026-08-27,https://v.daum.net/v/YkeKIbDgrc,independent_media,press_release_republication,body_read,confirmed,"구교철·서정목 연구진과 FLUID 요관 스텐트, Materials Today Bio가 일치합니다.","The Koo/Seo team, FLUID ureteral stent and Materials Today Bio match.",Daum에 공급된 이데일리 기사 본문·게시일을 읽었습니다. 기관 보도자료 전재 성격이며 Daum을 별도 언론사로 세지 않았습니다.,The Edaily article syndicated to Daum was read with its date. It follows the release; Daum is not treated as another outlet.,[95],,,,,
95,Korean researchers develop self-replenishing ureteral stent to prevent bacterial buildup,Health Korea News · 헬스코리아뉴스,2026-08-27,https://www.hkn24.com/news/articleView.html?idxno=350862,independent_media,press_release_republication,body_read,confirmed,기사 말미에 #95의 정확한 논문 제목이 제시되며 FLUID와 연구진이 일치합니다.,The exact #95 paper title is printed at the end; the FLUID platform and team match.,웹 도구 열기는 실패했으나 공개 HTTP로 영문 기사 본문·게시일을 읽었습니다. 공식 발표의 설명과 인용을 옮긴 보도로 분류했습니다.,A normal public HTTP fetch provided the English body and date after the web-tool open failed. The account reproduces the official release's narrative and quotations.,[95],,,,,
95,"요관 스텐트 항부착 코팅 연구, Materials Today Bio 게재",이연택 연구자 개인 사이트,2026-07-24,https://www.yeontaek.com/news?article=2026-07-24-%EC%9A%94%EA%B4%80-%EC%8A%A4%ED%85%90%ED%8A%B8-%ED%95%AD%EB%B6%80%EC%B0%A9-%EC%BD%94%ED%8C%85-%EC%97%B0%EA%B5%AC-materials-today-bio-%EA%B2%8C%EC%9E%AC,other_outreach,self_authored,partial_body_read,confirmed,개별 소식 카드의 장기 요관 스텐트·마찰/바이오필름/결석화·공동 제1저자 설명을 같은 사이트의 정확한 논문 제목·DOI 링크와 대조했습니다.,"The dated news card's ureteral-stent, friction/biofilm/encrustation and co-first-author description matches the exact title and DOI linked on the same site's home page.",개별 article URL에서도 소식 목록 카드가 반환되어 카드의 제목·날짜·요약만 읽었습니다. 연구자 자체 홍보이며 독립 보도는 아닙니다.,"The article URL rendered the news listing; only the actual card title, date and summary were read. This is researcher self-promotion.",[95],,,,,
95,"Device–tissue interfaces: prior studies, ELFS biliary stents and FLUID ureteral stents",Jungmok Seo · LinkedIn,2026-10-03,https://www.linkedin.com/feed/update/urn:li:activity:7512073986751598594/,linkedin,self_authored,body_read,confirmed,게시물은 Materials Today Bio의 FLUID 요관 스텐트 연구를 소개합니다. 검증 기록에 기재된 본문 단축 링크의 DOI 10.1016/j.mtbio.2026.103405는 공개 101편 목록의 #95 제목·DOI와 일치합니다.,"The post describes the FLUID ureteral-stent study in Materials Today Bio. DOI 10.1016/j.mtbio.2026.103405, documented as the destination of the in-body shortened link, matches the title and DOI of #95 in the public 101-paper catalogue.","로그인 세션에서 본문, 공개범위 ‘전 세계’와 단축 링크 6개의 DOI 목적지를 확인한 검증 기록에 근거합니다. 발행일은 2026-10-03 22:37 KST 확인 당시 ‘4시간’ 표시로 판정했으며 정확한 발행 시각은 미확인입니다. DOI 목적지는 LinkedIn 외부 링크 안내 화면에서 확인되었으며 출판사 본문을 새로 검토한 기록은 아닙니다. 연구자 자기작성 홍보이며 독립 취재나 실험 결과의 추가 검증을 뜻하지 않습니다.","Based on a verification record documenting the post body, “Worldwide” visibility and DOI destinations of six shortened links in a logged-in session. The publication date was determined from the “4 hours” display observed at 22:37 KST on 2026-10-03; the exact publication time remains unverified. DOI destinations were checked on LinkedIn’s external-link notice screens; this does not represent a new review of publisher full text. This is researcher-authored promotion, not independent reporting or additional experimental validation.","[57,67,78,85,91,95]",editorial_summary; the post has no separate observed headline,Calendar date determined from the observed “4 hours” display at 2026-10-03 22:37 KST; exact publication time is unverified.,parent_agent_separate_read_only_reviewer,"{""source"":""parent_agent_delegated_read_only_review"",""observed_at"":""2026-10-03T22:37:00+09:00"",""access_context"":""logged_in_session"",""public_visibility_label"":""Worldwide"",""public_visibility_confirmed"":true,""data_editor_read_body"":false,""data_editor_read_verification_record"":true,""doi_verification_method"":""LinkedIn external-link notice showing the doi.org destination; no publisher page followed"",""observed_doi"":""10.1016/j.mtbio.2026.103405"",""observed_short_link"":""https://lnkd.in/gNEqMvdV""}",primary_featured_study
93,"내시경 캡 연구, ACS Applied Materials & Interfaces 표지 논문 선정",이연택 연구자 개인 사이트,2026-07-01,https://www.yeontaek.com/news?article=2026-07-01-%EB%82%B4%EC%8B%9C%EA%B2%BD-%EC%BA%A1-%EC%97%B0%EA%B5%AC-acs-applied-materials-interfaces-%ED%91%9C%EC%A7%80-%EB%85%BC%EB%AC%B8-%EC%84%A0%EC%A0%95,other_outreach,self_authored,partial_body_read,confirmed,소식 카드의 일회용 내시경 캡·ACS AMI 18(25) 정보를 같은 사이트의 #93 정확한 제목·저자·DOI 링크와 대조했습니다.,"The disposable-endoscope-cap news card and ACS AMI 18(25) match #93's exact title, authors and DOI linked on the same site.",공개 소식 카드와 홈페이지의 논문 식별 정보만 확인했습니다. 표지 선정은 저자 측 홍보 내용으로 기록했으며 출판사 표지 캡션의 직접 검증은 보류했습니다.,The actual news card and home-page paper identity were read. Cover selection is recorded as the author's announcement; the publisher's cover caption remains unverified.,[93],,,,,
92,"서정목 교수팀, 젖은 조직에 즉시 접착·지혈하는 이중네트워크 하이드로겔 개발",연세소식 · 연세대학교,2026-07-15,https://news.yonsei.ac.kr/kr/academia/detail?bbSeq=36008,institutional,institutional_release,body_read,confirmed,"STAT, 서정목·김태영·손가영 연구진과 Nature Communications 게재 연구가 #92와 일치합니다.","STAT, the Seo/Kim/Son team and Nature Communications identify #92.",공식 연구 소개의 제목·게시일·본문을 읽었습니다.,"The official research announcement title, date and body were read.",[92],,,,,
92,"연세대, 젖은 조직에도 신속 접착·지혈 소재 개발",중앙일보,,https://www.joongang.co.kr/article/25445311,independent_media,press_release_republication,body_read,confirmed,"STAT 하이드로겔과 서정목 연구팀, Nature Communications가 일치합니다.","The STAT hydrogel, Seo team and Nature Communications match.",공개 기사 본문을 읽어 연구를 대조했습니다. 접근한 텍스트에서 절대 게시일은 확인하지 못했습니다. 기관 발표를 옮긴 기사로 분류했습니다.,The accessible body identifies the study; an absolute date was not visible in the retrieved text. It is classified as release-based coverage.,[92],,,,,
92,"연세대 서정목 교수팀, 젖은 조직에 즉시 접착·지혈하는 하이드로겔 개발",한국대학신문,2026-07-15,https://news.unn.net/news/articleView.html?idxno=594829,independent_media,press_release_republication,body_read,confirmed,STAT와 연구진·게재 학술지가 #92 및 연세대 공식 발표와 일치합니다.,"STAT, authors and journal match #92 and the Yonsei announcement.",웹 도구 오류 후 공개 HTTP로 제목·날짜·기사 본문을 읽었습니다. 공식 발표와 설명 및 인용이 겹칩니다.,"After a web-tool error, a normal public HTTP fetch exposed the title, date and body. Its narrative and quotations track the release.",[92],,,,,
92,"연세대학교 서정목 교수팀, 10초 만에 젖은 조직 붙이고 출혈 막는 차세대 하이드로겔 개발",한국강사신문,2026-07-17,https://www.lecturernews.com/news/articleView.html?idxno=206463,independent_media,press_release_republication,body_read,confirmed,STAT 하이드로겔·서정목 연구진·Nature Communications가 일치합니다.,"The STAT hydrogel, Seo team and Nature Communications match.",웹 도구 오류 후 공개 HTTP로 제목·날짜·본문을 읽었습니다. 기관 발표를 재구성한 보도이며 제목의 효능 문구를 독립 검증한 것은 아닙니다.,"A normal public HTTP fetch exposed the title, date and body after the web-tool error. It reworks the institutional release; headline efficacy language was not independently validated.",[92],,,,,
92,STAT Hydrogel Stops Bleeding in Seconds Without Sutures,Jungmok Seo · LinkedIn,,https://www.linkedin.com/posts/jungmok-seo-458ab385_quinone-mediated-tissue-adaptive-double-network-activity-7475010424933928960-Zhq1,linkedin,self_authored,body_read,confirmed,"정확한 논문 제목과 STAT, 저자 이름이 #92와 일치합니다.","The exact paper title, STAT name and authors match #92.",공개 게시물 본문과 연결된 논문 제목을 확인했습니다. 상대적 게시 시각만 보여 절대 날짜는 확정하지 않았습니다. 저자의 연구 홍보이며 독립 검증 자료는 아닙니다.,"The public post and linked paper title were read. Only a relative timestamp was shown, so the date is null. This is author promotion, not independent validation.",[92],,,,,
92,Jungmok Seo: A Quinone-Activated Hydrogel for Second-Scale Hemostasis and Suture-Free Surgical Sealing,Hemostasis Today,2026-06-23,https://hemostasistoday.com/science/jungmok-seo-65055,other_outreach,other_outreach,body_read,confirmed,#92 정확한 제목·저자 목록과 Nature 링크가 있으며 서정목의 LinkedIn 게시물을 재인용합니다.,"The exact #92 title, author list and Nature link are present; the page explicitly quotes Seo's LinkedIn post.",본문과 게시일을 읽었습니다. 저자 SNS의 재인용으로 구분했으며 독립 취재나 추가 효능 검증으로 집계하지 않았습니다.,"The body and date were read. This is a republication of an author's social post, not verified independent reporting or additional efficacy evidence.",[92],,,,,
92,"[연구 프론티어] 서정목 교수팀, 젖은 조직에 즉시 접착·지혈하는 이중네트워크 하이드로겔 개발",연세대학교 공과대학,2026-08-03,https://engineering.yonsei.ac.kr/engineering/board/research.do?mode=view&articleNo=475876,institutional,institutional_release,body_read,confirmed,논문정보에 #92의 정확한 제목과 Nature Communications DOI 10.1038/s41467-026-72068-6 링크가 있습니다.,The paper-information section gives the exact title of #92 and links to Nature Communications DOI 10.1038/s41467-026-72068-6.,별도 인앱 브라우저에서 제목·작성일·게시글 본문·논문 링크를 읽었습니다. 실제 게시일은 2026-08-03입니다. 보도 표현을 독립적인 실험 검증으로 사용하지 않습니다.,"Title, publication date, article body and paper link were read in a separate in-app browser. The page date is 2026-08-03. Publicity wording is not treated as independent experimental validation.",[92],,,,,
91,"Device–tissue interfaces: prior studies, ELFS biliary stents and FLUID ureteral stents",Jungmok Seo · LinkedIn,2026-10-03,https://www.linkedin.com/feed/update/urn:li:activity:7512073986751598594/,linkedin,self_authored,body_read,confirmed,게시물은 Bioactive Materials의 ELFS 담도 스텐트 연구를 소개합니다. 검증 기록에 기재된 본문 단축 링크의 DOI 10.1016/j.bioactmat.2026.02.003는 공개 101편 목록의 #91 제목·DOI와 일치합니다.,"The post describes the ELFS biliary-stent study in Bioactive Materials. DOI 10.1016/j.bioactmat.2026.02.003, documented as the destination of the in-body shortened link, matches the title and DOI of #91 in the public 101-paper catalogue.","로그인 세션에서 본문, 공개범위 ‘전 세계’와 단축 링크 6개의 DOI 목적지를 확인한 검증 기록에 근거합니다. 발행일은 2026-10-03 22:37 KST 확인 당시 ‘4시간’ 표시로 판정했으며 정확한 발행 시각은 미확인입니다. DOI 목적지는 LinkedIn 외부 링크 안내 화면에서 확인되었으며 출판사 본문을 새로 검토한 기록은 아닙니다. 연구자 자기작성 홍보이며 독립 취재나 실험 결과의 추가 검증을 뜻하지 않습니다.","Based on a verification record documenting the post body, “Worldwide” visibility and DOI destinations of six shortened links in a logged-in session. The publication date was determined from the “4 hours” display observed at 22:37 KST on 2026-10-03; the exact publication time remains unverified. DOI destinations were checked on LinkedIn’s external-link notice screens; this does not represent a new review of publisher full text. This is researcher-authored promotion, not independent reporting or additional experimental validation.","[57,67,78,85,91,95]",editorial_summary; the post has no separate observed headline,Calendar date determined from the observed “4 hours” display at 2026-10-03 22:37 KST; exact publication time is unverified.,parent_agent_separate_read_only_reviewer,"{""source"":""parent_agent_delegated_read_only_review"",""observed_at"":""2026-10-03T22:37:00+09:00"",""access_context"":""logged_in_session"",""public_visibility_label"":""Worldwide"",""public_visibility_confirmed"":true,""data_editor_read_body"":false,""data_editor_read_verification_record"":true,""doi_verification_method"":""LinkedIn external-link notice showing the doi.org destination; no publisher page followed"",""observed_doi"":""10.1016/j.bioactmat.2026.02.003"",""observed_short_link"":""https://lnkd.in/gC3mUtua""}",primary_featured_study
90,"연세대 김자영, 서정목 교수팀, ‘단일 하이드로겔의 이온 매개 구조 제어… 체액 맞춤형 전기화학 바이오센서 인터페이스 구현’",연세대학교 보도자료,2026-05-26,https://www.yonsei.ac.kr/bbs/sc/50/943333/artclView.do,institutional,institutional_release,body_read,confirmed,"정확한 논문 제목과 10.1002/adma.202515767 링크, 이온 순서에 따른 PVA–알지네이트 구조 제어 연구가 일치합니다.","The exact title, DOI 10.1002/adma.202515767 and ion-sequence-controlled PVA–alginate study match.",공식 보도자료의 제목·날짜·본문 및 논문 정보 구간을 읽었습니다.,"The official release title, date, body and paper-information section were read.",[90],,,,,
90,"연세대 김자영, 서정목 교수팀, ‘단일 하이드로겔의 이온 매개 구조 제어… 체액 맞춤형 전기화학 바이오센서 인터페이스 구현’",김자영 교수 연구실,,https://jayoungkim-lab.com/bbs/board.php?bo_table=sub4_1&wr_id=30,other_outreach,lab_announcement,access_blocked,candidate,검색 결과의 제목은 해당 공식 발표와 일치하지만 게시물 본문은 확인하지 못했습니다.,"The indexed title matches the official announcement, but the post body was not accessible.",웹 열기 실패 및 공개 HTTP의 인증서 검증 실패로 후보만 보존했습니다. 인증서 검사를 우회하지 않았습니다.,The web open failed and public HTTP failed certificate validation. No certificate check was bypassed; this remains a candidate.,[90],,,,,
88,Bioadhesive hydrogels and the SCOPE electroceutical patch — Jungmok Seo의 연구 소개,Jungmok Seo · LinkedIn,,https://www.linkedin.com/feed/update/urn:li:activity:7511711909092478976/,linkedin,self_authored,body_read,confirmed,"후반부는 SCOPE 분무 인쇄 전도성 전기치료 패치, 당뇨 마우스와 최적화 전기 자극, 저자 정현 김·김수아 및 Jung Seung Lee 협업을 서술하며 #88과 일치합니다.","The later section describes the SCOPE spray-printed conductive electroceutical patch, optimized stimulation in diabetic mice, first authors Jung Hyun Kim and Soo A Kim, and collaboration with Jung Seung Lee, matching #88.",공개 게시물 본문을 확인했습니다. 뒤의 SCOPE 실험 논문 #88과 리뷰 #98을 구분합니다. 상대 시간(23h)만 있어 절대 날짜는 미확인입니다.,"The public post body was read. Review #98 is distinguished from the later discussion of experimental SCOPE paper #88. Only a relative time (23h) was visible, so the date remains unconfirmed.","[98,88]",,,,,
85,"서정목 교수팀, 뇌-컴퓨터 인터페이스 장기 안정성 극복할 신경 전극 코팅 기술 개발",연세소식 · 연세대학교,2025-09-22,https://news.yonsei.ac.kr/kr/academia/detail?bbSeq=35272,institutional,institutional_release,body_read,confirmed,"TAB·BDNF, 서정목/박성준/김태영/손연주 연구진과 Science Advances가 #85를 식별합니다.","TAB/BDNF, Seo/Park/Kim/Son and Science Advances identify #85.",공식 발표의 본문·게시일을 읽었습니다. 장기 기록 성능은 기사 내용을 연구 연결에만 사용했습니다.,"The release body and date were read. Performance statements were used for identity matching, not as independent evidence.",[85],,,,,
85,Bioadaptive Liquid-Infused Multifunctional Fibers for Long-Term Neural Recording via BDNF Stabilization and Enhanced Neural Interaction,Seoul National University · Research Highlights,,https://en.snu.ac.kr/research/highlights?bbsidx=158070&md=v,institutional,institutional_release,body_read,confirmed,"정확한 논문 제목과 박성준 교수, TAB·BDNF 내용 및 원문 DOI 링크가 일치합니다.","The exact title, Prof. Seongjun Park, TAB/BDNF description and linked DOI match.",영문 Research Highlights 본문을 읽었습니다. 표시된 절대 게시일을 찾지 못해 날짜는 비워 두었습니다.,The English Research Highlights body was read. No displayed absolute publication date was found.,[85],,,,,
85,뇌·컴퓨터 인터페이스 신호 1년 이상 기록한다,동아사이언스,2025-09-22,https://www.dongascience.com/ko/news/74187,independent_media,press_release_republication,body_read,confirmed,기사에 정확한 DOI 10.1126/sciadv.adz1228이 명시되며 TAB·연구진이 일치합니다.,The article explicitly supplies DOI 10.1126/sciadv.adz1228; TAB and the team match.,기사 본문과 게시일을 읽었습니다. 기관 자료와 연구 설명·인용이 겹치는 발표 기반 보도이며 독립 취재로 집계하지 않았습니다.,The article body and date were read. Its study description and quotations track the institutional release; it is not counted as verified independent reporting.,[85],,,,,
85,[22일 대학가] 세종대·중앙대·한양대·연세대,아시아타임즈,2025-09-22,https://www.asiatime.co.kr/article/20250922500387,independent_media,press_release_republication,partial_body_read,confirmed,"연세대 소제목 아래 TAB·BDNF와 서정목·박성준 연구진, Science Advances 연구가 #85와 일치합니다.","The Yonsei subsection identifies #85 through TAB/BDNF, Seo/Park and Science Advances.",기사의 게시일과 연세대 연구 구간을 읽었습니다. 다른 대학의 연구·행사는 관련 논문으로 묶지 않았습니다. 연세대 발표의 설명과 인용을 재전달합니다.,The date and Yonsei subsection were read. Other universities' studies were excluded. The subsection relays the Yonsei announcement's narrative and quotations.,[85],,,,,
85,New paper on neural recording technology published in Science Advances,Jungmok Seo · LinkedIn,,https://www.linkedin.com/posts/jungmok-seo-458ab385_bci-bci-neurotechnology-activity-7371987804047908864-JPHM,linkedin,self_authored,body_read,confirmed,"정확한 제목과 DOI 10.1126/sciadv.adz1228, TAB 및 공동저자가 직접 명시됩니다.","The exact title, DOI 10.1126/sciadv.adz1228, TAB and coauthors are stated.",공개 게시물 본문과 연결된 논문 제목을 확인했습니다. 상대적 게시 시각만 보여 절대 날짜는 확정하지 않았습니다. 저자의 연구 홍보이며 독립 검증 자료는 아닙니다.,"The public post and linked paper title were read. Only a relative timestamp was shown, so the date is null. This is author promotion, not independent validation.",[85],,,,,
85,Bioadaptive liquid-infused multifunctional fibers for long-term neural recording via BDNF stabilization and enhanced neural interaction,Materials Research Society · 2025 Fall Meeting,,https://www.mrs.org/meetings-events/annual-meetings/archive/meeting/presentations/view/2025-mrs-fall-meeting/2025-mrs-fall-meeting-4375686,other_outreach,other_outreach,access_blocked,candidate,검색 결과의 발표 제목은 논문과 일치하지만 발표 본문과 저자 대조는 보류했습니다.,"The indexed presentation title matches, but the presentation body and author match remain unverified.",발표 세부 페이지 열기가 실패했습니다. 검색 제목만의 후보이며 확인 링크 수에 포함하지 않았습니다.,The presentation detail page could not be opened. This title-only candidate is excluded from verified counts.,[85],,,,,
85,"Device–tissue interfaces: prior studies, ELFS biliary stents and FLUID ureteral stents",Jungmok Seo · LinkedIn,2026-10-03,https://www.linkedin.com/feed/update/urn:li:activity:7512073986751598594/,linkedin,self_authored,body_read,confirmed,게시물은 생체 적응형 계면을 이용한 장기 신경 기록 선행 연구를 소개합니다. 검증 기록에 기재된 본문 단축 링크의 DOI 10.1126/sciadv.adz1228는 공개 101편 목록의 #85 제목·DOI와 일치합니다.,"The post describes prior work on long-term neural recording through bioadaptive interfaces. DOI 10.1126/sciadv.adz1228, documented as the destination of the in-body shortened link, matches the title and DOI of #85 in the public 101-paper catalogue.","로그인 세션에서 본문, 공개범위 ‘전 세계’와 단축 링크 6개의 DOI 목적지를 확인한 검증 기록에 근거합니다. 발행일은 2026-10-03 22:37 KST 확인 당시 ‘4시간’ 표시로 판정했으며 정확한 발행 시각은 미확인입니다. DOI 목적지는 LinkedIn 외부 링크 안내 화면에서 확인되었으며 출판사 본문을 새로 검토한 기록은 아닙니다. 연구자 자기작성 홍보이며 독립 취재나 실험 결과의 추가 검증을 뜻하지 않습니다.","Based on a verification record documenting the post body, “Worldwide” visibility and DOI destinations of six shortened links in a logged-in session. The publication date was determined from the “4 hours” display observed at 22:37 KST on 2026-10-03; the exact publication time remains unverified. DOI destinations were checked on LinkedIn’s external-link notice screens; this does not represent a new review of publisher full text. This is researcher-authored promotion, not independent reporting or additional experimental validation.","[57,67,78,85,91,95]",editorial_summary; the post has no separate observed headline,Calendar date determined from the observed “4 hours” display at 2026-10-03 22:37 KST; exact publication time is unverified.,parent_agent_separate_read_only_reviewer,"{""source"":""parent_agent_delegated_read_only_review"",""observed_at"":""2026-10-03T22:37:00+09:00"",""access_context"":""logged_in_session"",""public_visibility_label"":""Worldwide"",""public_visibility_confirmed"":true,""data_editor_read_body"":false,""data_editor_read_verification_record"":true,""doi_verification_method"":""LinkedIn external-link notice showing the doi.org destination; no publisher page followed"",""observed_doi"":""10.1126/sciadv.adz1228"",""observed_short_link"":""https://lnkd.in/gPknRjha""}",referenced_prior_work
84,"링크솔루텍, 자사 코팅소재 활용 연구 SCI(E)급 국제학술지 Small 게재… “의료기기 코팅 기술, 산업용 가스분리막 적용 가능성 검증”",링크솔루텍 / LYNK Solutec,2025-07-04,https://lynksolutec.com/news/%EB%A7%81%ED%81%AC%EC%86%94%EB%A3%A8%ED%85%8D-%EC%9E%90%EC%82%AC-%EC%BD%94%ED%8C%85%EC%86%8C%EC%9E%AC-%ED%99%9C%EC%9A%A9-%EC%97%B0%EA%B5%AC-scie%EA%B8%89-%EA%B5%AD%EC%A0%9C%ED%95%99%EC%88%A0/,institutional,institutional_release,body_read,confirmed,"본문의 Choi E. 논문 정확 제목, Small 2501590 및 ZIF-8 실링 설명이 #84와 일치한다. 서정목·이연택의 공저 참여도 명시한다.","The body gives Choi E.’s exact title, Small article 2501590 and the ZIF-8 sealing method matching #84; Seo and Lee are identified as coauthors.",기업의 PRESS RELEASE 본문·게시일을 읽었다. 참여 공저자가 대표인 기업의 자체 발표이므로 독립 언론 검증이 아니다.,"Read the company PRESS RELEASE and displayed date. This is a corporate statement from a company led by participating coauthors, not independent reporting.",[84],,,,,
82,Large Scale Ultrafast Manufacturing of Wireless Soft Bioelectronics Enabled by Autonomous Robot Arm Printing Assisted by a Computer Vision‐Enabled Guidance System for Personalized Wound Healing,Rafael Alejandro Cornejo Rodríguez / LinkedIn,,https://www.linkedin.com/posts/rafael-cornejo-rdz_large-scale-ultrafast-manufacturing-of-wireless-activity-7266853245984153601-kYWi,linkedin,self_authored,body_read,confirmed,공저자 게시물이 논문 전체 제목과 CARE의 컴퓨터 비전·로봇 팔 제작 개념을 직접 제시한다. 정규 논문 저자와 게시자 이름을 대조했다.,The coauthor’s post states the full paper title and describes CARE’s computer-vision/robot-arm manufacturing; the account name matches the author list.,로그인 없이 공개된 게시물 본문과 논문 링크 카드를 읽었다. 날짜는 상대 표시 1y만 있어 확정하지 않았으며 댓글·좋아요 등의 동작은 하지 않았다.,"Read the public post body and paper-link card without login. Only the relative date “1y” was visible, so no exact date is assigned; no engagement actions were taken.",[82],,,,,
81,Innovative PreD Chip for Drug Testing developed,Yonsei University Research Archive,,https://yonsei.ac.kr/en_sc/1844/subview.do?enc=Zm5jdDF8QEB8JTJGcnNyY2glMkZlbl9zYyUyRmFydGNsVmlldy5kbyUzRnBhZ2UlM0QxJTI2cm93JTNEOSUyNmFydGNsU2VxJTNEMzg4JTI2,institutional,institutional_release,body_read,confirmed,"연구 소개 끝에 정확한 논문 제목과 DOI 10.1002/smll.202402431이 있고, 서정목·박태은 공동연구 및 PreD를 설명한다.",The feature explicitly supplies the exact title and DOI 10.1002/smll.202402431 and identifies the Seo–Park PreD collaboration.,본문과 Find out more 서지 부분을 읽었다. 페이지 게시일은 표시되지 않아 논문 발행일을 대신 쓰지 않았다.,Read the feature body and Find out more citation. No feature publication date was visible; the paper date was not substituted.,[81],,,,,
81,"연세대, UNIST와 '약물 테스트 칩, PreD' 개발",아시아타임즈 / Asia Times,2024-07-04,https://www.asiatime.co.kr/article/20240704500180,independent_media,press_release_republication,body_read,confirmed,"서정목·김태영·박태은·최정원, Small, PFPE로 PDMS 약물 손실을 줄이는 PreD 기술이 #81과 일치한다.","Seo, Kim, Park and Choi, Small, and PFPE-coated PDMS PreD technology match #81.","기사 본문·기자·입력일을 읽었다. 연세대가 밝혔다고 명시한 대학 발표 기반 기사로, 독립 후속 실험·외부 전문가 검증은 확인되지 않았다.","Read the body, byline and date. It explicitly attributes the announcement to Yonsei; no independent follow-up testing or outside-expert validation was established.",[81],,,,,
80,Innovative Hydrogel Adhesives for Seamless Integration of Soft Electronic Devices,Jungmok Seo / Research Communities by Springer Nature,2024-07-17,https://communities.springernature.com/posts/innovative-hydrogel-adhesives-for-seamless-integration-of-soft-electronic-devices,publisher_promotion,self_authored,body_read,confirmed,Behind the Paper 글이 전체 논문 제목·저자와 s41528-024-00327-x 링크를 제시하고 d-HAPT의 건식·습식 접합을 설명한다.,"The Behind the Paper post identifies the full title, authors and s41528-024-00327-x link and explains d-HAPT dry/wet bonding.","저자명, 날짜 및 본문을 읽었다. 출판사 커뮤니티에 실린 교신저자 해설이며, 출판사 편집진의 독립 평가로 분류하지 않는다.","Read the author, date and body. This is the corresponding author’s explanation hosted by a publisher community, not an independent editorial assessment.",[80],,,,,
80,"연세대 서정목 교수팀, 만능 유연 전자소자 접착 기술 개발",뉴데일리 / NewDaily,2024-07-17,https://biz.newdaily.co.kr/site/data/html/2024/07/17/2024071700248.html,independent_media,press_release_republication,body_read,confirmed,"서정목·조예진·이유림, npj Flexible Electronics 및 다층 하이드로겔로 이종 전자 재료를 접합하는 설명이 #80과 일치한다.","Seo, Jo and Lee, npj Flexible Electronics and multilayer-hydrogel bonding of dissimilar electronic materials match #80.",기사의 날짜·본문을 읽었다. 대학 발표와 연구진 제공 설명을 전달한 기사이며 다른 매체의 동일 발표 재서술과 구분해 둔다.,Read the date and body. The story relays university/research-team material and is treated as reporting of the same institutional announcement.,[80],,,,,
80,"연세대 서정목 교수팀, 유연 전자소자 접착 기술 개발",조선일보 Life & Learning,2024-07-17,https://lifenlearning.chosun.com/pan/site/data/html_dir/2024/07/17/2024071701999.html,independent_media,press_release_republication,body_read,confirmed,"서정목·조예진·이유림, npj Flexible Electronics 및 다층 하이드로겔로 이종 전자 재료를 접합하는 설명이 #80과 일치한다.","Seo, Jo and Lee, npj Flexible Electronics and multilayer-hydrogel bonding of dissimilar electronic materials match #80.",기사의 날짜·본문을 읽었다. 대학 발표와 연구진 제공 설명을 전달한 기사이며 다른 매체의 동일 발표 재서술과 구분해 둔다.,Read the date and body. The story relays university/research-team material and is treated as reporting of the same institutional announcement.,[80],,,,,
78,"DGIST-연세대-고려대 공동연구팀, 무선 봉합사형 전자소자 기술 개발",BBS 불교방송,2024-05-16,https://news.bbsi.co.kr/news/articleView.html?idxno=3156178,independent_media,press_release_republication,body_read,confirmed,"이재홍·서정목·장우영 공동연구, 유막 코팅 무선 변형 센서 봉합사와 돼지 아킬레스건 추적, ACS Nano라는 조합이 #78과 일치한다.","The Lee–Seo–Jang collaboration, lubricated wireless strain-sensing sutures, porcine Achilles-tendon monitoring and ACS Nano match #78.",웹 도구 오류 후 동일 공개 URL을 읽기 전용 HTTP 200으로 가져와 전체 기사·입력일을 읽었다. DGIST 발표 기반 보도이며 7월의 다른 염증 센싱 봉합사와 구별했다.,"After a web-tool error, a read-only HTTP 200 fetch of the same public URL yielded the body and date. This is DGIST-announcement reporting, distinct from the July inflammation-sensing suture study.",[78],,,,,
78,"인대 파열 부위, '전자봉합사'로 꿰매고 결과 모니터링까지 한 번에",머니투데이 유니콘팩토리,2024-05-16,https://www.unicornfactory.co.kr/article/2024051610232459732,independent_media,press_release_republication,body_read,confirmed,"DGIST·연세대·고려대 공동연구, ACS Nano 및 돼지 아킬레스건의 무선 기계적 회복 모니터링이 #78과 일치한다.","DGIST–Yonsei–Korea University, ACS Nano and wireless monitoring of porcine tendon mechanical recovery match #78.",공개 기사 본문과 10:48 입력 시각을 읽었다. DGIST가 발표했다고 명시하므로 별도 독립 취재 검증으로 세지 않는다.,Read the public body and 10:48 timestamp. The article explicitly reports a DGIST announcement and is not treated as independently verified research reporting.,[78],,,,,
78,"Device–tissue interfaces: prior studies, ELFS biliary stents and FLUID ureteral stents",Jungmok Seo · LinkedIn,2026-10-03,https://www.linkedin.com/feed/update/urn:li:activity:7512073986751598594/,linkedin,self_authored,body_read,confirmed,게시물은 힘줄 재건 뒤 기계적 회복을 관찰하는 면역 내성 무선 전자 봉합사 선행 연구를 소개합니다. 검증 기록에 기재된 본문 단축 링크의 DOI 10.1021/acsnano.4c00396는 공개 101편 목록의 #78 제목·DOI와 일치합니다.,"The post describes prior work on immune-tolerant wireless electronic sutures for monitoring mechanical recovery after tendon repair. DOI 10.1021/acsnano.4c00396, documented as the destination of the in-body shortened link, matches the title and DOI of #78 in the public 101-paper catalogue.","로그인 세션에서 본문, 공개범위 ‘전 세계’와 단축 링크 6개의 DOI 목적지를 확인한 검증 기록에 근거합니다. 발행일은 2026-10-03 22:37 KST 확인 당시 ‘4시간’ 표시로 판정했으며 정확한 발행 시각은 미확인입니다. DOI 목적지는 LinkedIn 외부 링크 안내 화면에서 확인되었으며 출판사 본문을 새로 검토한 기록은 아닙니다. 연구자 자기작성 홍보이며 독립 취재나 실험 결과의 추가 검증을 뜻하지 않습니다.","Based on a verification record documenting the post body, “Worldwide” visibility and DOI destinations of six shortened links in a logged-in session. The publication date was determined from the “4 hours” display observed at 22:37 KST on 2026-10-03; the exact publication time remains unverified. DOI destinations were checked on LinkedIn’s external-link notice screens; this does not represent a new review of publisher full text. This is researcher-authored promotion, not independent reporting or additional experimental validation.","[57,67,78,85,91,95]",editorial_summary; the post has no separate observed headline,Calendar date determined from the observed “4 hours” display at 2026-10-03 22:37 KST; exact publication time is unverified.,parent_agent_separate_read_only_reviewer,"{""source"":""parent_agent_delegated_read_only_review"",""observed_at"":""2026-10-03T22:37:00+09:00"",""access_context"":""logged_in_session"",""public_visibility_label"":""Worldwide"",""public_visibility_confirmed"":true,""data_editor_read_body"":false,""data_editor_read_verification_record"":true,""doi_verification_method"":""LinkedIn external-link notice showing the doi.org destination; no publisher page followed"",""observed_doi"":""10.1021/acsnano.4c00396"",""observed_short_link"":""https://lnkd.in/gCFGKKVX""}",referenced_prior_work
74,Emerging electronic materials for next generation soft bioelectronic applications: From material designs to devices performances,Industrial Chemistry & Materials / EurekAlert!,,https://www.eurekalert.org/news-releases/1060973,publisher_promotion,publisher_promotion,access_blocked,candidate,검색 색인은 정확한 논문 제목과 DOI 10.1039/D3IM00122A를 명시한다. 연결된 홍보 자료에서도 같은 DOI를 확인했으나 이 보도자료의 직접 본문 열기는 차단됐다.,"The index gives the exact paper title and DOI 10.1039/D3IM00122A, also present on the linked media page; the release itself could not be directly opened.",검색 색인의 본문 발췌와 10-Oct-2024 표시만 확인했다. 웹 열기와 일반 공개 HTTP 요청 모두 403이어서 직접 본문 검증 완료로 표시하지 않는다.,Only indexed excerpts and the displayed 10-Oct-2024 date were available. Both web opening and an ordinary public HTTP request returned 403; direct body verification remains pending.,[74],,,,,
74,Recent progress and material characteristics of liquid-based electronic materials (IMAGE),Industrial Chemistry & Materials / EurekAlert!,,https://www.eurekalert.org/multimedia/1045078,publisher_promotion,publisher_promotion,body_read,confirmed,학술지 제공 홍보 자료의 More on this News Release 부분이 DOI 10.1039/D3IM00122A를 직접 명시하고 서정목을 연구자·크레디트로 제시한다.,The journal-supplied media page explicitly states DOI 10.1039/D3IM00122A and credits Jungmok Seo.,공개 이미지 설명·제공자·연결 보도자료 제목·DOI를 읽었다. 그림을 복사하지 않았으며 이 설명 페이지 확인이 차단된 보도자료 본문 확인을 대신하지 않는다.,"Read the public caption, provider, linked release title and DOI. No image was copied; reading this companion page does not establish access to the blocked release body.",[74],,,,,
73,"고대 안암병원 연구팀, 혁신적 금속 내고정물 개발로 최우수 학술상 수상",메디컬투데이,2025-06-19,https://mdtoday.co.kr/news/view/1065589590851363,independent_media,unresolved,body_read,confirmed,학술상 기사 본문이 Bioactivated lubricant-infused surfaces로 시작하는 정확한 논문 제목과 공저자 장우영·최지혜를 명시한다.,The award story explicitly names the exact Bioactivated lubricant-infused surfaces paper and coauthors Woo Young Jang and Ji Hye Choi.,기사 본문·기자·날짜를 읽었다. 2025년 수상 보도이고 연구진의 설명을 전달한다. 병원 원보도자료를 직접 대조하지 못해 재전재 관계와 독립 취재 여부는 미확정이다.,"Read the body, byline and date. This reports a 2025 award and relays the research team’s account; the hospital’s original release was not directly compared, so republication versus independent reporting remains unresolved.",[73],,,,,
73,"고려대학교 안암병원 장우영, 최지혜 교수팀, 대한정형외과연구학회 최우수 학술상 수상",메디팜헬스뉴스,2025-06-20,https://www.medipharmhealth.co.kr/news/article.html?no=108313,independent_media,unresolved,body_read,confirmed,학술상 기사 본문이 Bioactivated lubricant-infused surfaces로 시작하는 정확한 논문 제목과 공저자 장우영·최지혜를 명시한다.,The award story explicitly names the exact Bioactivated lubricant-infused surfaces paper and coauthors Woo Young Jang and Ji Hye Choi.,기사 본문·기자·날짜를 읽었다. 2025년 수상 보도이고 연구진의 설명을 전달한다. 병원 원보도자료를 직접 대조하지 못해 재전재 관계와 독립 취재 여부는 미확정이다.,"Read the body, byline and date. This reports a 2025 award and relays the research team’s account; the hospital’s original release was not directly compared, so republication versus independent reporting remains unresolved.",[73],,,,,
72,몸에 넣는 의료기기 감염 억제…유연한 방오코팅 기술,동아사이언스,2024-04-15,https://www.dongascience.com/ko/news/64870,independent_media,press_release_republication,body_read,confirmed,"서정목 연구팀, Advanced Functional Materials, V4D4·불소 고분자로 만든 신축성 방오 코팅이라는 고유 조합이 #72와 일치한다.","Seo’s team, Advanced Functional Materials and the distinctive V4D4/fluoropolymer stretchable antifouling coating match #72.",기자·날짜·본문을 읽었다. 본문이 연세대 발표를 명시하므로 대학발 기사로 분류한다. 기사상의 기대 효능을 추가 실험 근거로 사용하지 않는다.,"Read the byline, date and body. Explicit attribution to Yonsei identifies institutional-source reporting; anticipated benefits are not used as additional experimental evidence.",[72],,,,,
72,"[공과대학] 서정목 교수팀, 신축성과 유연성을 지닌 방오코팅기술 개발",연세대학교 기술지주회사,,https://www.ysuholdings.com/en/tech/result.do?articleNo=822&mode=view&title=%5B%EA%B3%B5%EA%B3%BC%EB%8C%80%ED%95%99%5D+%EC%84%9C%EC%A0%95%EB%AA%A9+%EA%B5%90%EC%88%98%ED%8C%80%2C+%EC%8B%A0%EC%B6%95%EC%84%B1%EA%B3%BC+%EC%9C%A0%EC%97%B0%EC%84%B1%EC%9D%84+%EC%A7%80%EB%8B%8C+%EB%B0%A9%EC%98%A4%EC%BD%94%ED%8C%85%EA%B8%B0%EC%88%A0+%EA%B0%9C%EB%B0%9C,institutional,institutional_release,access_blocked,candidate,"검색 발췌의 서정목·김태영, 학술지 및 신축성 방오 코팅 설명이 #72의 후보로 일치한다. 직접 본문 열기가 실패해 확정 항목에서 제외한다.","The indexed Seo/Kim names, journal and stretchable antifouling coating identify a candidate for #72; direct opening failed, so it is not confirmed.",검색 색인에 표시된 제목·24.04.30 날짜·일부 설명만 읽었다. 웹 도구는 접근 불가를 반환했다.,"Read only the indexed title, 24.04.30 date and excerpt. The web tool reported the URL inaccessible.",[72],,,,,
70,신체 어느 부위나 완벽하게 지혈 가능한 물질 개발,서울신문,2023-09-19,https://www.seoul.co.kr/news/society/science-news/2023/09/19/20230919500161,independent_media,press_release_republication,body_read,confirmed,"서정목, 연세대·한양대 공동연구, Advanced Science 및 탄닌산 기반 자가 치유·비팽창 지혈 패치가 #70과 일치한다.","Seo, the Yonsei–Hanyang collaboration, Advanced Science and the tannic-acid self-healing nonswelling hemostatic patch match #70.",본문·기자·입력일을 읽었다. 대학 연구팀 발표와 제공 그림을 사용하는 기사이며 제목의 포괄적 효능 표현을 임상적 결론으로 채택하지 않는다.,"Read the body, byline and date. It reports the university team’s announcement with supplied figures; the headline’s broad efficacy claim is not adopted as a clinical conclusion.",[70],,,,,
70,"[연구 프론티어] 서정목 교수팀, 인체에 안정적으로 부착 가능한 지혈 패치 개발(생명공학과 조승우교수)",연세바이오시스템 BK21 교육연구단,2023-09-26,https://ybri-bk21.yonsei.ac.kr/index.php?bo_idx=3&bo_rows=&hCode=BOARD&idx=1237&page=view&pg=7&sfc=&sfl=&stx=,institutional,press_release_republication,body_read,confirmed,본문 논문정보에 전체 제목 및 DOI 10.1002/advs.202303651이 명시되어 #70과 직접 연결된다.,"The paper-information section explicitly states the full title and DOI 10.1002/advs.202303651, directly linking #70.",웹 도구 접근 실패 후 같은 공개 URL을 읽기 전용 HTTP 200으로 가져와 본문·등록일을 읽었다. 출처가 연세소식이라고 명시된 교내 재게시이다.,"After web-tool failure, a read-only HTTP 200 fetch of the same URL yielded the body and posted date. It explicitly republishes Yonsei News material.",[70],,,,,
70,어디에든 붙이면 지혈·자가치유 가능한 패치 개발 / YTN 사이언스,YTN 사이언스 / YouTube,,https://www.youtube.com/watch?v=1_tH5ccldqY,other_outreach,unresolved,access_blocked,candidate,검색 발췌의 연세대·한양대 공동연구와 굴곡진 신체에 붙이는 지혈 패치가 #70을 가리키지만 영상·전체 설명을 확인하지 못했다.,"The indexed Yonsei–Hanyang collaboration and conformable hemostatic patch suggest #70, but the video and full description were not reviewed.",검색 제목·짧은 설명만 확인했고 직접 열기는 실패했다. 날짜·영상 내용·독립 취재 여부는 미확인이다.,"Only the indexed title and short description were available; direct opening failed. Date, video content and editorial independence remain unverified.",[70],,,,,
68,인공혈관을 유막 코팅? 심혈관 질환 재발 막는다,BioIN / 국가생명공학정책연구센터,2023-06-23,https://www.bioin.or.kr/rsrch_Rslt.do?bid=research&cmd=view&num=316692,institutional,press_release_republication,partial_body_read,confirmed,페이지의 저널링크 DOI 10.1021/acsnano.2c10657과 서정목·손동희·박기준·안수정·김지현 명단이 #68과 일치한다.,"The journal-link DOI 10.1021/acsnano.2c10657 and the Seo, Son, Park, An and Kim author names identify #68.",성과 서지와 주요 본문을 읽었다. BioIN 등록일은 6월 23일이고 별도 보도자료발간일 필드는 6월 9일이다. 한국연구재단 원문 링크를 명시한 재게시이며 원문 자체는 열지 않았다.,"Read the result metadata and main body. BioIN’s posted date is June 23, while its release-date field says June 9. This is an attributed NRF republication; the NRF original itself was not opened.",[68],,,,,
68,혈전 생겨도 안막히는 인공혈관 소재 나왔다,동아사이언스,2023-06-08,https://www.dongascience.com/ko/news/60164,independent_media,press_release_republication,body_read,confirmed,"서정목·손동희 공동연구, ACS Nano 및 자가 치유 고분자와 유막 코팅 인공혈관이 #68과 일치한다.","The Seo–Son collaboration, ACS Nano and self-healing polymer/lubricant-coated graft match #68.",본문·기자·날짜를 읽었다. 한국연구재단 발표에 근거한 기사이며 제목의 장기 개통성처럼 읽힐 수 있는 표현을 논문의 직접 입증으로 확대하지 않는다.,"Read the body, byline and date. The story attributes its source to NRF; headline wording is not expanded into direct evidence of long-term patency.",[68],,,,,
68,찢어지면 스스로 치료하는 인공혈관 나왔다,조선비즈,2023-06-08,https://biz.chosun.com/science-chosun/technology/2023/06/08/PVTENVK4WFAOZJH6LWFISSCZFE/,independent_media,press_release_republication,body_read,confirmed,기사 참고자료에 DOI 10.1021/acsnano.2c10657이 직접 있고 서정목·손동희와 자가 치유 인공혈관을 설명한다.,"The references explicitly give DOI 10.1021/acsnano.2c10657 alongside Seo, Son and the self-healing graft.","기사 본문·날짜·DOI를 읽었다. 한국연구재단 발표 및 제공 사진을 사용한 기사로, 임상 생존율 전망은 이 기록의 실험 근거가 아니다.","Read the body, date and DOI. The story relies on an NRF announcement and supplied images; its clinical survival-rate projection is not treated as experimental evidence.",[68],,,,,
68,"인공혈관 부작용, 자가치유 소재·유막코팅 적용으로 방지",전자신문,2023-06-08,https://www.etnews.com/20230608000035,independent_media,press_release_republication,partial_body_read,confirmed,서정목·손동희 공동연구와 자가 치유 고분자·유막 코팅 인공혈관이 #68에 일치한다.,The Seo–Son collaboration and self-healing polymer/lubricant-coated graft match #68.,발행일과 기사 앞부분의 한국연구재단 발표 출처·연구 개요를 읽었다. 기사 뒷부분 전체를 확인한 것으로 표시하지 않는다.,Read the date and opening body identifying NRF and the study. The complete remainder of the story was not reviewed.,[68],,,,,
67,"연세대 서정목 교수팀, 면역위장 유막코팅 기술 개발",조선일보 Life & Learning,2022-08-25,https://lifenlearning.chosun.com/pan/site/data/html_dir/2022/08/25/2022082501443.html,independent_media,press_release_republication,body_read,confirmed,기사에 #67의 정확 제목과 DOI가 명시되어 있습니다. 서정목 연구팀의 접착층·고분자·윤활유 적층 기술과도 일치합니다.,The article explicitly gives #67's title and DOI and describes the team's layered lubricant-skin coating.,기사 본문·날짜·연구자·DOI를 읽었습니다. 기관 연구성과 소개를 바탕으로 한 기사로 분류하며 독립 취재로 집계하지 않습니다.,"Read the body, date, researchers and DOI. Classified as institutional-announcement-based coverage rather than independent reporting.",[67],,,,,
67,BLISS 박기준 학생 JCR 상위 1.14% Bioactive Materials에 논문 게재,BLISS Lab — Yonsei University,2022-07-18,https://bliss.yonsei.ac.kr/images/news/ytlee-contest-2-2-2-2-2-2-2-2-2-2-2-content.png,other_outreach,lab_announcement,body_read,confirmed,"공개 공지의 저자·학술지와 이미지에 표시된 Lubricant Skin, 접착층·불소고분자·윤활유 적층이 #67과 일치합니다.","The author/journal announcement and image labels for Lubricant Skin with adhesive, fluoropolymer and lubricant layers identify #67.",공개 뉴스 JSON의 제목·날짜와 연결된 이미지 본문을 직접 읽었습니다(공지 키: ytlee-contest-2-2-2-2-2-2-2-2-2-2-2). 연구실 자체 홍보이며 이미지는 재배포하지 않습니다.,Read the public news JSON title/date and its linked image content (entry: ytlee-contest-2-2-2-2-2-2-2-2-2-2-2). Lab self-promotion; artwork is not redistributed.,[67],,,,,
67,"Device–tissue interfaces: prior studies, ELFS biliary stents and FLUID ureteral stents",Jungmok Seo · LinkedIn,2026-10-03,https://www.linkedin.com/feed/update/urn:li:activity:7512073986751598594/,linkedin,self_authored,body_read,confirmed,게시물은 다양한 생체재료와 복잡한 형상의 기기로 확장한 방오 코팅 선행 연구를 소개합니다. 검증 기록에 기재된 본문 단축 링크의 DOI 10.1016/j.bioactmat.2022.07.019는 공개 101편 목록의 #67 제목·DOI와 일치합니다.,"The post describes prior work on antifouling coatings for diverse biomaterials and complex device shapes. DOI 10.1016/j.bioactmat.2022.07.019, documented as the destination of the in-body shortened link, matches the title and DOI of #67 in the public 101-paper catalogue.","로그인 세션에서 본문, 공개범위 ‘전 세계’와 단축 링크 6개의 DOI 목적지를 확인한 검증 기록에 근거합니다. 발행일은 2026-10-03 22:37 KST 확인 당시 ‘4시간’ 표시로 판정했으며 정확한 발행 시각은 미확인입니다. DOI 목적지는 LinkedIn 외부 링크 안내 화면에서 확인되었으며 출판사 본문을 새로 검토한 기록은 아닙니다. 연구자 자기작성 홍보이며 독립 취재나 실험 결과의 추가 검증을 뜻하지 않습니다.","Based on a verification record documenting the post body, “Worldwide” visibility and DOI destinations of six shortened links in a logged-in session. The publication date was determined from the “4 hours” display observed at 22:37 KST on 2026-10-03; the exact publication time remains unverified. DOI destinations were checked on LinkedIn’s external-link notice screens; this does not represent a new review of publisher full text. This is researcher-authored promotion, not independent reporting or additional experimental validation.","[57,67,78,85,91,95]",editorial_summary; the post has no separate observed headline,Calendar date determined from the observed “4 hours” display at 2026-10-03 22:37 KST; exact publication time is unverified.,parent_agent_separate_read_only_reviewer,"{""source"":""parent_agent_delegated_read_only_review"",""observed_at"":""2026-10-03T22:37:00+09:00"",""access_context"":""logged_in_session"",""public_visibility_label"":""Worldwide"",""public_visibility_confirmed"":true,""data_editor_read_body"":false,""data_editor_read_verification_record"":true,""doi_verification_method"":""LinkedIn external-link notice showing the doi.org destination; no publisher page followed"",""observed_doi"":""10.1016/j.bioactmat.2022.07.019"",""observed_short_link"":""https://lnkd.in/gmZHZpPN""}",referenced_prior_work
66,"국내 연구진, 신체에 안정적으로 부착 가능한 하이드로겔 소재 개발",동아사이언스,2023-06-20,https://www.dongascience.com/ko/news/60308,independent_media,press_release_republication,body_read,confirmed,"서정목 연구팀, Advanced Science, 타닌산을 활용한 나노구속 네트워크와 수중 근전도·방광 모니터링 내용을 대조했습니다. 이 조합은 #66에 해당합니다.","The named team, journal, tannic-acid nanoconfinement and underwater EMG/bladder demonstrations identify #66.","본문과 게시 날짜를 확인했습니다. 연세대가 발표한 연구를 전하는 보도이며, 임상 성능의 독립 검증 자료는 아닙니다.",Read the body and publication date. The report relays Yonsei's announcement; it is not independent validation of clinical performance.,[66],,,,,
66,BLISS 박재규 학생 Advanced Science에 논문 게재,BLISS Lab — Yonsei University,2023-02-06,https://bliss.yonsei.ac.kr/images/news/ytlee-contest-2-2-2-2-2-2-2-2-2-2-2-2-2-2-2-2-content.png,other_outreach,lab_announcement,body_read,confirmed,"공개 공지의 저자·학술지 및 이미지의 타닌산·탄소나노튜브 나노구속, 수중 근전도와 방광 적용이 #66과 일치합니다.","The named author/journal and image showing TA/CNT nanoconfinement, EMG and bladder applications identify #66.",공개 뉴스 JSON의 제목·날짜와 연결된 이미지 본문을 직접 읽었습니다(공지 키: ytlee-contest-2-2-2-2-2-2-2-2-2-2-2-2-2-2-2-2). 연구실 자체 홍보이며 이미지는 재배포하지 않습니다.,Read the public news JSON title/date and its linked image content (entry: ytlee-contest-2-2-2-2-2-2-2-2-2-2-2-2-2-2-2-2). Lab self-promotion; artwork is not redistributed.,[66],,,,,
63,BLISS 박재규 학생 ACS Applied Electronic Materials에 논문 게재 & Supplementary cover 선정,BLISS Lab — Yonsei University,2022-04-27,https://bliss.yonsei.ac.kr/images/news/ytlee-contest-2-2-2-2-2-2-2-2-2-2-content.png,other_outreach,lab_announcement,body_read,confirmed,"박재규·ACS Applied Electronic Materials 공지와 2022년 4월 표지, 물리적·생물학적·계면 적합성을 함께 소개하는 이미지가 #63 리뷰의 서지·주제와 부합합니다.","The Jae Park/ACS Applied Electronic Materials announcement, April 2022 cover and physical/biological/interfacial compatibility image match #63's review metadata and topic.",공개 뉴스 JSON의 제목·날짜와 연결된 이미지 본문을 직접 읽었습니다(공지 키: ytlee-contest-2-2-2-2-2-2-2-2-2-2). 연구실 자체 홍보이며 이미지는 재배포하지 않습니다.,Read the public news JSON title/date and its linked image content (entry: ytlee-contest-2-2-2-2-2-2-2-2-2-2). Lab self-promotion; artwork is not redistributed.,[63],,,,,
61,Outside Front Cover: (Biotechnology Journal 12/2021),Wiley / Biotechnology Journal,2021-12-02,https://analyticalsciencejournals.onlinelibrary.wiley.com/doi/10.1002/biot.202170121,publisher_promotion,publisher_promotion,body_read,confirmed,"별도 Cover Picture 설명에 #61의 정확 제목, Jae Park 및 DOI 10.1002/biot.202100231이 명시되어 있습니다.","The separate cover feature explicitly identifies #61 by title, Jae Park and DOI 10.1002/biot.202100231.",표지 소개 페이지와 해당 호 목차의 설명·게시 날짜를 읽었습니다. 표지 이미지는 재사용하지 않습니다.,"Read the cover-description page, issue listing and date; the cover artwork is not reused.",[61],,,,,
61,BLISS 박재규 학생 Biotechnology Journal에 논문 게재 & Front Cover 선정,BLISS Lab — Yonsei University,2021-12-03,https://bliss.yonsei.ac.kr/images/news/ytlee-contest-2-2-2-content.png,other_outreach,lab_announcement,body_read,confirmed,박재규·Biotechnology Journal 공지의 12/2021 표지와 생체접착제 응용 그림을 확인했습니다. Wiley의 별도 표지 설명도 #61 DOI를 직접 연결합니다.,The Jae Park announcement shows the December 2021 cover and bioadhesive applications; Wiley's separate cover page explicitly links #61's DOI.,공개 뉴스 JSON의 제목·날짜와 연결된 이미지 본문을 직접 읽었습니다(공지 키: ytlee-contest-2-2-2). 연구실 자체 홍보이며 이미지는 재배포하지 않습니다.,Read the public news JSON title/date and its linked image content (entry: ytlee-contest-2-2-2). Lab self-promotion; artwork is not redistributed.,[61],,,,,
60,Nanoscale 2022 Lunar New Year Collection,Royal Society of Chemistry / Nanoscale,,https://pubs.rsc.org/collection/581/Nanoscale-2022-Lunar-New-Year-Collection,publisher_promotion,publisher_promotion,access_blocked,candidate,검색 결과의 컬렉션 목록에 #60의 정확 제목·저자·DOI가 나타납니다.,"The indexed collection includes #60's exact title, authors and DOI.",컬렉션 직접 열기는 403으로 차단됐습니다. 검색 결과만 확인했으며 제목의 연도를 게시 날짜로 사용하지 않았습니다.,Direct access returned 403. Only indexed collection content was available; the year in the collection title was not treated as a publication date.,[60],,,,,
60,BLISS 이연택 학생 Nanoscale에 논문 게재,BLISS Lab — Yonsei University,2021-11-02,https://bliss.yonsei.ac.kr/images/news/ytlee-contest-2-2-content.jpg,other_outreach,lab_announcement,body_read,confirmed,"이연택·Nanoscale 공지의 이미지에 DRESS, 변형 모니터링·약물 방출, FPCB와 도전성 섬유 구조가 표시되어 #60과 일치합니다.","The Yeontaek Lee/Nanoscale announcement image labels DRESS, strain monitoring, drug release, FPCB and conductive-fiber architecture, identifying #60.",공개 뉴스 JSON의 제목·날짜와 연결된 이미지 본문을 직접 읽었습니다(공지 키: ytlee-contest-2-2). 연구실 자체 홍보이며 이미지는 재배포하지 않습니다.,Read the public news JSON title/date and its linked image content (entry: ytlee-contest-2-2). Lab self-promotion; artwork is not redistributed.,[60],,,,,
59,"""인체삽입 의료기기 수명 4배 이상 늘리는 코팅기술 개발""",연합뉴스,2021-07-11,https://www.yna.co.kr/view/AKR20210709061700017,independent_media,press_release_republication,body_read,confirmed,"조일주·서정목 연구팀, 윤활 코팅 신경 탐침, 생쥐 뇌의 장기 신호 기록 및 Advanced Science 발표를 대조해 #59로 연결했습니다.","Cho/Seo, lubricated neural probes, chronic mouse-brain recording and Advanced Science identify #59.",기사 본문과 2021-07-11 게시 날짜를 읽었습니다. KIST 발표 기반 보도이며 제목의 ‘4배’ 표현을 독립적인 임상 효과로 해석하지 않습니다.,Read the body and the July 11 publication date. It reports a KIST announcement; the headline's fourfold claim is not treated as independent clinical evidence.,[59],,,,,
59,A Lubricated Nonimmunogenic Neural Probe for Acute Insertion Trauma Minimization and Long-Term Signal Recording (Adv. Sci. 15/2021),Wiley / Advanced Science,2021-08-04,https://advanced.onlinelibrary.wiley.com/doi/10.1002/advs.202170095,publisher_promotion,publisher_promotion,body_read,confirmed,Back Cover 소개의 제목·저자 및 원 연구 번호 2100231이 #59와 일치합니다.,"The Back Cover feature matches #59 by title, authors and original article number 2100231.","별도 표지 소개와 목차의 LIPS 설명, 2021-08-04 날짜를 읽었습니다. 원 연구 랜딩 페이지와 구분했습니다.","Read the separate cover feature, LIPS description and August 4 date, distinguishing it from the research-article landing page.",[59],,,,,
59,"인체 삽입형 의료기기 코팅기술 개발, 의료기기 수명연장과 안정성을 동시에 확보",한국과학기술연구원(KIST),,https://www.kist.re.kr/ko/research/semiconductor-recent-research.do?articleNo=7458&mode=view,institutional,institutional_release,access_blocked,candidate,검색 결과의 연구자·신경 탐침 코팅 내용은 #59와 부합합니다. 기관 원문을 읽지 못해 후보로 유지했습니다.,"The indexed researchers and neural-probe coating appear consistent with #59, but the institutional body was not accessible.",웹 열기에 실패했고 공개 HTTP 조회도 400을 반환했습니다. 검색 내용은 실제 본문 열람으로 승격하지 않았습니다.,Web opening failed and a public HTTP request returned 400. Indexed text was not promoted to body-read evidence.,[59],,,,,
59,A new coating extends the lifespan of brain implants,Advanced Science News,,https://www.advancedsciencenews.com/a-new-coating-extends-the-lifespan-of-brain-implants/,publisher_promotion,press_release_republication,access_blocked,candidate,검색 결과에 #59의 DOI와 원 보도자료를 각색했다는 표시가 있습니다.,The indexed result gives #59's DOI and states that the content was adapted from the original press release.,"직접 열기는 403으로 차단됐습니다. 제목·DOI·보도자료 각색 표시는 검색 결과 수준이며, 날짜도 본문에서 확인하지 못했습니다.","Direct access returned 403. Title, DOI and adaptation notice remain search-result evidence; the page date was not verified.",[59],,,,,
59,BLISS 이연택 학생 Advanced Science에 논문 게재 & Back cover 선정,BLISS Lab — Yonsei University,2021-06-07,https://bliss.yonsei.ac.kr/images/news/ytgrats-2-3-content.jpg,other_outreach,lab_announcement,body_read,confirmed,이연택·Advanced Science 공지 이미지의 LIPS 신경 탐침과 장기 기록 설명이 #59에 해당합니다. Wiley 표지 소개에서도 원 연구를 확인했습니다.,"The announcement's LIPS neural probe and chronic-recording image identify #59, corroborated by Wiley's separate cover feature.",공개 뉴스 JSON의 제목·날짜와 연결된 이미지 본문을 직접 읽었습니다(공지 키: ytgrats-2-3). 연구실 자체 홍보이며 이미지는 재배포하지 않습니다.,Read the public news JSON title/date and its linked image content (entry: ytgrats-2-3). Lab self-promotion; artwork is not redistributed.,[59],,,,,
57,임플란트 세균 감염 줄이는 코팅 기술 개발,조선비즈,2020-10-29,https://biz.chosun.com/site/data/html_dir/2020/10/28/2020102801863.html,independent_media,press_release_republication,body_read,confirmed,"서정목·장우영 연구팀, 윤활 코팅, 토끼 삽입 실험 및 Science Advances를 대조했습니다. #57의 정형외과 삽입물 연구와 일치합니다.","The Seo/Jang team, lubricant coating, rabbit implantation and Science Advances identify #57's orthopedic-implant study.",공개 HTML의 실제 기사 본문과 2020-10-29 03:00 게시 정보를 읽었습니다. 한국연구재단 발표 기반 보도입니다. 치과 임플란트 일반 설명을 논문의 임상 검증으로 확장하지 않습니다.,"Read the public HTML body and October 29, 03:00 publication information. This is announcement-based coverage; its general dental framing is not clinical validation of the orthopedic study.",[57],,,,,
57,BLISS 채교민 & 박기준 학생 삽입형 소재의 수술 후 감염 억제를 위한 고기능성 표면 개질 기술 연구 Science Advances 게재 승인,BLISS Lab — Yonsei University,2020-10-12,https://bliss.yonsei.ac.kr/data/news.json,other_outreach,lab_announcement,partial_body_read,confirmed,"공개 공지 제목의 채교민·박기준, Science Advances 및 삽입물 수술 후 감염 억제 표면 개질이 #57의 연구자·연구 내용과 일치합니다.","The public announcement names Chae/Park, Science Advances and implant-surface modification against postoperative infection, matching #57.",공개 뉴스 JSON의 해당 공지 제목과 날짜을 읽었습니다(공지 키: lois-2). 추가 이미지 본문은 읽지 않았습니다. 연구실 자체 공지이며 출판사의 별도 확인과 구분합니다.,"Read the public JSON entry's title and date (entry: lois-2). The additional image was not read. This is a lab announcement, distinct from publisher confirmation.",[57],,,,,
57,"Device–tissue interfaces: prior studies, ELFS biliary stents and FLUID ureteral stents",Jungmok Seo · LinkedIn,2026-10-03,https://www.linkedin.com/feed/update/urn:li:activity:7512073986751598594/,linkedin,self_authored,body_read,confirmed,게시물은 정형외과 임플란트의 감염·면역 반응을 다룬 선행 연구를 소개합니다. 검증 기록에 기재된 본문 단축 링크의 DOI 10.1126/sciadv.abb0025는 공개 101편 목록의 #57 제목·DOI와 일치합니다.,"The post describes prior work on infection and immune responses around orthopedic implants. DOI 10.1126/sciadv.abb0025, documented as the destination of the in-body shortened link, matches the title and DOI of #57 in the public 101-paper catalogue.","로그인 세션에서 본문, 공개범위 ‘전 세계’와 단축 링크 6개의 DOI 목적지를 확인한 검증 기록에 근거합니다. 발행일은 2026-10-03 22:37 KST 확인 당시 ‘4시간’ 표시로 판정했으며 정확한 발행 시각은 미확인입니다. DOI 목적지는 LinkedIn 외부 링크 안내 화면에서 확인되었으며 출판사 본문을 새로 검토한 기록은 아닙니다. 연구자 자기작성 홍보이며 독립 취재나 실험 결과의 추가 검증을 뜻하지 않습니다.","Based on a verification record documenting the post body, “Worldwide” visibility and DOI destinations of six shortened links in a logged-in session. The publication date was determined from the “4 hours” display observed at 22:37 KST on 2026-10-03; the exact publication time remains unverified. DOI destinations were checked on LinkedIn’s external-link notice screens; this does not represent a new review of publisher full text. This is researcher-authored promotion, not independent reporting or additional experimental validation.","[57,67,78,85,91,95]",editorial_summary; the post has no separate observed headline,Calendar date determined from the observed “4 hours” display at 2026-10-03 22:37 KST; exact publication time is unverified.,parent_agent_separate_read_only_reviewer,"{""source"":""parent_agent_delegated_read_only_review"",""observed_at"":""2026-10-03T22:37:00+09:00"",""access_context"":""logged_in_session"",""public_visibility_label"":""Worldwide"",""public_visibility_confirmed"":true,""data_editor_read_body"":false,""data_editor_read_verification_record"":true,""doi_verification_method"":""LinkedIn external-link notice showing the doi.org destination; no publisher page followed"",""observed_doi"":""10.1126/sciadv.abb0025"",""observed_short_link"":""https://lnkd.in/gh5tH-n7""}",referenced_prior_work
54,ACS Applied Materials & Interfaces 논문 표지 선정,BLISS Lab — Yonsei University,2019-06-12,https://bliss.yonsei.ac.kr/data/news.json,other_outreach,lab_announcement,body_read,confirmed,"공개 공지 본문의 탄소나노튜브 마이크로파이버, 체내 삽입용 전자소자와 전기화학 액추에이터 조합이 #54와 일치합니다.","The announcement describes CNT microfibers for implantable electronics and electrochemical actuators, matching #54.",공개 뉴스 JSON의 해당 공지 제목·날짜·요약 본문을 읽었습니다(공지 키: acsamicover). 연구실 자체 공지이며 출판사의 별도 확인과 구분합니다.,"Read the public JSON entry's title, date and summary (entry: acsamicover). This is a lab announcement, distinct from publisher confirmation.",[54],,,,,
51,AMI 표지 논문 선정 '거의 모든 종류의 액체에 젖지 않는 플렉서블한 초소유성 표면 개발',BLISS Lab — Yonsei University,2019-02-12,https://bliss.yonsei.ac.kr/data/news.json,other_outreach,lab_announcement,body_read,confirmed,공개 공지 본문에 DOI 10.1021/acsami.8b17181이 직접 기재되어 #51을 확인했습니다.,"The public announcement directly gives DOI 10.1021/acsami.8b17181, confirming #51.",공개 뉴스 JSON의 해당 공지 제목·날짜·요약 본문을 읽었습니다(공지 키: 1902amicover). 연구실 자체 공지이며 출판사의 별도 확인과 구분합니다.,"Read the public JSON entry's title, date and summary (entry: 1902amicover). This is a lab announcement, distinct from publisher confirmation.",[51],,,,,
48,"[Publication] 최병우 학생 논문, ACS Applied Materials & Interfaces의 Cover로 선정","NanoBio Device Lab., Yonsei University",2018-12-12,https://nbdl.yonsei.ac.kr/news-%EC%B5%9C%EB%B3%91%EC%9A%B0-%ED%95%99%EC%83%9D-%EB%85%BC%EB%AC%B8-acs-applied-materials-interfaces%EC%9D%98-cover%EB%A1%9C-%EC%84%A0%EC%A0%95/,other_outreach,lab_announcement,body_read,confirmed,게시물이 48번의 정확한 영어 제목과 Choi·Lee·Han·Woo·Park·Seo 등의 저자를 명시한다.,"The post gives paper 48's exact title and matching authors, including Choi, Lee, Han, Woo, Park and Seo.",표지 선정 소식 본문과 게시 날짜를 읽었다. 함께 표시된 2019년 7월 16일은 수정 날짜로 보이며 최초 게시 날짜를 사용했다.,Read the announcement and displayed dates. The initial post date is used; the additional 2019-07-16 date appears to be an update.,[48],,,,,
48,Volume 10 Issue 42 | ACS Applied Materials & Interfaces,American Chemical Society,,https://pubs.acs.org/toc/aamick/10/42,publisher_promotion,publisher_promotion,access_blocked,candidate,NBDL의 48번 표지 링크가 이 호에 연결되지만 직접 표지 설명을 읽지 못했다. 검색 결과의 대표 표지 설명은 다른 연구여서 48번 표지의 종류와 위치는 재확인이 필요하다.,"The lab links paper 48's cover to this issue, but the cover caption was inaccessible. The indexed main-cover description concerns another study; paper 48's cover placement needs checking.",출판사 호 페이지 열기에서 HTTP 403이 발생했다. 연구실의 표지 선정 소식과 직접 검증된 출판사 소개를 구분한다.,The issue page returned HTTP 403. The verified lab announcement does not substitute for direct verification of the publisher feature.,[48],,,,,
44,Soft Robots: Electrically Driven Microengineered Bioinspired Soft Robots (Adv. Mater. 10/2018),Wiley / Advanced Materials,2018-03-06,https://advanced.onlinelibrary.wiley.com/doi/10.1002/adma.201870067,publisher_promotion,publisher_promotion,body_read,confirmed,"Frontispiece 설명이 원논문 번호 1704189, Seo 등의 저자와 심근세포·하이드로젤·전극으로 만든 가오리형 로봇을 명시한다.",The frontispiece names article 1704189 and the matching authors and cardiac-cell/hydrogel/electrode soft robot.,제목·저자·첫 공개 날짜와 표지 설명문을 읽었다. DOI 10.1002/adma.201704189의 원논문과 별도인 소개물이다.,"Read the title, authors, first-publication date and caption. It is separate from research DOI 10.1002/adma.201704189.",[44],,,,,
43,체액 한 방울만으로 몸속 질병 진단한다,동아사이언스,2018-01-25,https://www.dongascience.com/ko/news/21253,independent_media,unresolved,body_read,confirmed,"서정목·이태윤 연구팀, 신축성 실리콘의 젖음 제어와 진공 기반 액적 조작, ACS Nano 게재 정보가 43번과 일치한다. 기사에 DOI는 없다.","The Seo–Lee teams, stretchable silicone wetting control, vacuum droplet manipulation and ACS Nano attribution identify paper 43; no DOI is printed.",기자명·날짜·기사 본문을 읽었다. KIST 제공 자료와 연구자 설명을 바탕으로 한 소개이며 독립 취재 여부는 미확인이다. 기사 제목은 임상 검증의 근거로 쓰지 않는다.,"Read the byline, date and body. The article uses KIST material and researcher statements; independent reporting was not established. Its headline is not evidence of clinical validation.",[43],,,,,
43,"국내 연구진, 체액 한 방울로 질병 진단하는 바이오센서 기술 개발",아주경제,2018-01-25,https://www.ajunews.com/view/20180125091131974,independent_media,unresolved,body_read,confirmed,"서정목·이태윤 공동연구, 액적 분배를 통한 다중 색 변화 분석과 ACS Nano 온라인 게재일이 43번 연구와 일치한다. DOI는 명시하지 않는다.","The Seo–Lee collaboration, multiplex colorimetric droplet analysis and ACS Nano publication details match paper 43; the DOI is absent.","본문·기자명·입력 날짜를 읽었다. KIST 발표에 근거한 기사로, 독립 취재로 확인하지 않았다. 임상 적용 표현이나 수치를 연구 사실로 재사용하지 않는다.","Read the body, byline and date. It reports a KIST announcement; independent reporting was not verified. Clinical claims and quantities are not reused as research evidence.",[43],,,,,
43,"KIST·연세대 연구팀, 혈액검사 혈액량 100분의 1로 줄이는 기술 개발",전자신문,2018-01-25,https://www.etnews.com/20180125000163,independent_media,unresolved,body_read,confirmed,"서정목·이태윤 연구팀, 신축성 코팅 표면, 진공 액적 제어 및 ACS Nano 언급이 43번과 일치한다. 연구실 보도 게시물도 이 기사를 연결한다.","The named teams, stretchable coated surface, vacuum droplet control and ACS Nano attribution match paper 43, also linked by the lab announcement.",발행일과 기사 본문을 읽었다. KIST 발표를 인용한 기사이며 독립 검증 여부는 미확인이다. 제목의 감소 배율은 자료실의 연구 수치로 옮기지 않는다.,Read the publication date and article body. It cites a KIST announcement; independent verification was not established. The headline ratio is not adopted as a research value.,[43],,,,,
43,혈액 한 방울로 질병진단 가능해진다,헤럴드경제,2018-01-25,https://biz.heraldcorp.com/article/1572245,independent_media,unresolved,body_read,confirmed,"서정목·이태윤 연구팀, 진공 조작·코팅된 신축성 표면·다중 분석과 ACS Nano 게재일을 대조하여 43번에 연결했다.","The named teams, vacuum manipulation, coated stretchable substrate, multiplex assay and ACS Nano date match paper 43.",기사 본문과 입력 날짜를 읽었다. KIST 발표에 의존한 연구 소개로 독립 취재 여부는 미확인이다. 임상적 기대와 검증된 연구 결과는 별개다.,Read the body and date. This is coverage of a KIST announcement with unverified reporting independence. Clinical expectations remain separate from study evidence.,[43],,,,,
43,[News] “미세 액적 제어 시스템” 언론 보도,"NanoBio Device Lab., Yonsei University",2018-01-29,https://nbdl.yonsei.ac.kr/news-%EB%AF%B8%EC%84%B8-%EC%95%A1%EC%A0%81-%EC%A0%9C%EC%96%B4-%EC%8B%9C%EC%8A%A4%ED%85%9C-%EC%96%B8%EB%A1%A0-%EB%B3%B4%EB%8F%84/,other_outreach,lab_announcement,body_read,confirmed,KIST 서정목 연구팀과의 공동 액적 제어 연구를 명시하고 본문 확인된 동아사이언스·전자신문·헤럴드 기사에 연결하여 43번을 식별한다.,The lab identifies its droplet-control collaboration with Seo at KIST and links the verified articles about paper 43.,연구실 자체 보도 모음 게시물의 본문·날짜·외부 링크를 읽었다. 열거된 매체 수를 검증된 기사 수로 환산하지 않는다.,"Read the lab's announcement, date and outbound links. Its list of media outlets does not establish a verified article count.",[43],,,,,
43,바이오센서용 나노코팅기판 개발…소량 시료로 정밀측정 가능,연합뉴스,,https://www.yna.co.kr/view/AKR20180125048000017,independent_media,unresolved,access_blocked,candidate,"공개 논문 목록의 시드와 검색 스니펫의 서정목·이태윤, 나노코팅 기판·체액 분석 내용이 일치하나 기사 본문 직접 확인은 미완료다.","The public seed and indexed snippet match the teams and coated-substrate bioassay, but direct article-body verification remains incomplete.",URL을 직접 열었으나 접근 오류였다. 제목과 내용 일부는 검색 결과만 확인했고 날짜는 본문에서 확인하지 못했다.,Direct opening failed. Only the indexed title and snippet were available; the date was not checked in the article body.,[43],,,,,
43,'체액 한 방울'로 다양한 질병 동시 진단,헬로디디,,https://www.hellodd.com/news/articleView.html?idxno=63959,independent_media,unresolved,access_blocked,candidate,"검색 스니펫의 KIST·연세대, 서정목 연구팀과 체액 색 변화 분석이 43번 보도 후보에 해당한다.",The indexed KIST–Yonsei team and colorimetric biofluid-assay description suggest paper 43.,직접 열기에서 HTTP 403이 발생했다. 검색 스니펫만 읽었으므로 본문 확인이나 확정 기사로 집계하지 않는다.,Direct opening returned HTTP 403. Only the snippet was read; it is not a confirmed article.,[43],,,,,
43,"국내 연구진, 체액 한 방울로 질병 진단 기술 개발",청년의사,,https://www.docdocdoc.co.kr/news/articleView.html?idxno=1051865,independent_media,unresolved,access_blocked,candidate,스니펫의 KIST 서정목·연세대 이태윤 공동연구와 체액 기반 진단 주제가 43번 후보에 해당한다.,The indexed Seo–Lee collaboration and biofluid-assay topic suggest paper 43.,직접 열기에서 본문이 반환되지 않았다. 날짜와 기사 본문은 미확인이다.,Direct opening did not return the article body. The body and date remain unverified.,[43],,,,,
36,Ultrafast H2 Sensors that Require No Additional Electrical Apparatus Developed,Sungkyunkwan University / Global SKKU,,https://www.skku.edu/new_home/205_eng/newsletter/V181/html/sub13.html,institutional,institutional_release,body_read,confirmed,기사의 비대칭 Pd–고분자 구조·수소에 따른 형상 및 광학 변화와 명시된 표지 DOI 10.1002/adfm.201770170이 36번 원논문을 가리킨다.,"The asymmetric palladium–polymer actuator and hydrogen-driven optical changes, together with cover DOI 10.1002/adfm.201770170, identify paper 36.",여러 연구를 모은 뉴스레터 중 해당 수소 센서 소개 절을 읽었다. 이 글의 정확한 게시 날짜는 확인되지 않아 비워 두었다.,Read the hydrogen-sensor feature within the institutional newsletter. Its exact publication date was not established.,[36],,,,,
36,[Selected as a Front-Cover in Advanced Functional Materials]출,Chang Hyun Pang Research Group,2021-03-11,https://www.changhyunpang.com/post/selected-as-a-front-cover-in-advanced-functional-materials-%EC%B6%9C,other_outreach,lab_announcement,body_read,confirmed,"본문의 정확한 논문 제목, Han·Seo·Pang·Lee 등의 저자, 원논문 번호 1701618과 표지 DOI가 36번에 일치한다.","The post names the exact title and authors, original article number 1701618, and the associated cover DOI.",표지 선정 게시물의 본문과 표시 날짜를 읽었다. 2021년 날짜는 이 게시물 날짜이며 2017년 논문 출판일이 아니다.,"Read the cover-announcement body and displayed date. The 2021 date belongs to this post, not the 2017 research paper.",[36],,,,,
36,Sensors: Bioinspired Geometry-Switchable Janus Nanofibers for Eye-Readable H2 Sensors (Adv. Funct. Mater. 29/2017),Wiley / Advanced Functional Materials,,https://advanced.onlinelibrary.wiley.com/doi/10.1002/adfm.201770170,publisher_promotion,publisher_promotion,access_blocked,candidate,연구실 게시물과 SKKU 소개가 이 표지 DOI에 연결되고 정확한 제목을 제시하지만 출판사 표지 본문은 열리지 않았다.,"The lab and institutional posts link this cover DOI and identify the matching title, but its publisher page was not readable.",DOI 리디렉션 및 도착 URL 직접 열기를 시도했으나 접근 오류가 발생했다. 확인된 출판사 소개로 집계하지 않는다.,DOI resolution and direct opening failed. Do not count this as a directly verified publisher promotion.,[36],,,,,
35,Bioprinted Veins Reveal New Drug Diffusion Details,AIP Publishing,2017-08-03,https://publishing.aip.org/publications/latest-content/bioprinted-veins-reveal-new-drug-diffusion-details/,publisher_promotion,publisher_promotion,body_read,confirmed,"소개문이 원논문의 정확한 제목과 Massa, Sakr, Seo, Shin 등의 저자를 명시하며 간 모델·내피층·약물 확산 내용을 다룬다.","The release names the exact paper and authors, including Massa, Sakr, Seo and Shin, and discusses endothelial drug diffusion in the liver model.","출판사 소개 본문, 날짜와 말미 논문·저자 정보를 읽었다. 자체 연구 홍보 자료다.","Read the publisher release, date and concluding paper/author details. It is publisher-produced promotion.",[35],,,,,
35,Bioprinted veins reveal new drug diffusion details,ScienceDaily,2017-08-04,https://www.sciencedaily.com/releases/2017/08/170803174332.htm,independent_media,press_release_republication,body_read,confirmed,"Journal Reference의 DOI 10.1063/1.4994708, 정확한 제목과 저자 목록이 35번과 일치한다.","The journal reference explicitly gives DOI 10.1063/1.4994708, the matching title and authors.",전체 기사 본문과 날짜를 읽었다. AIP 제공 자료임을 명시하므로 독립 취재가 아니라 기관 제공 자료 전재로 분류한다.,"Read the article and date. Its source credit explicitly identifies AIP material, so it is a release republication rather than independent reporting.",[35],,,,,
35,Researchers Develop 3D Printed Liver Model for Accurate Drug Toxicity Testing,Cellular 3D,2018-01-02,https://www.cellular3d.com/index.php/medical-bioprinting/731-researchers-develop-3d-printed-liver-model-for-highly-accurate-drug-toxicity-testing-system,other_outreach,press_release_republication,body_read,confirmed,짧은 소개의 혈관화 간 조직·약물 독성 내용과 명시된 AIP 원출처 링크가 35번의 확인된 출판사 소개에 연결된다.,The short summary matches the vascularized liver-toxicity model and explicitly links the verified AIP release about paper 35.,"게시 날짜와 짧은 본문, Source 링크를 읽었다. 별도 실험 검증이나 독립 취재를 확인한 것은 아니다.","Read the date, short body and source link. No independent reporting or experimental validation was established.",[35],,,,,
34,Sensors: A Droplet-Based High-Throughput SERS Platform on a Droplet-Guiding-Track-Engraved Superhydrophobic Substrate (Small 7/2017),Wiley / Small,2017-02-13,https://onlinelibrary.wiley.com/doi/abs/10.1002/smll.201770037,publisher_promotion,publisher_promotion,body_read,confirmed,"표지 소개의 논문 번호 1602865, 저자와 액적 유도 SERS 기술이 원논문 DOI 10.1002/smll.201602865에 일치한다.",The cover caption identifies article 1602865 and matches the authors and guided-droplet SERS study.,Cover Picture의 제목·저자·첫 공개 날짜·설명문을 읽었다. 원논문과 별도인 표지 소개이며 이미지는 재사용하지 않는다.,"Read the Cover Picture title, authors, first-publication date and caption. This is a separate promotion; the image is not reused.",[34],,,,,
34,[Acceptance] “A Droplet-Based High-Throughput SERS Platform on a Droplet Guiding Track Engraved Superhydrophobic Substrate”,"NanoBio Device Lab., Yonsei University",2016-11-03,https://nbdl.yonsei.ac.kr/acceptance-a-droplet-based-high-throughput-sers-platform-on-a-droplet-guiding-track-engraved-superhydrophobic-substrate/,other_outreach,lab_announcement,body_read,confirmed,"게시물의 정확한 논문 제목, Sera Shin 및 Jungmok Seo 등의 저자, Small 게재 승인 내용이 34번과 일치한다.","The exact title, named authors including Sera Shin and Jungmok Seo, and Small acceptance identify paper 34.",공개 게시물 본문과 표시 날짜를 읽었다. 연구실의 자체 게재 승인 소식이다.,Read the public post body and displayed date. This is the authors' lab acceptance announcement.,[34],,,,,
33,[Acceptance] “Triboelectric Nanogenerator Accelerates Highly Efficient Nonviral Direct Conversion and In Vivo Reprogramming of Fibroblasts to Functional Neuronal Cells”,Yonsei NanoBio Device Lab. (NBDL),2016-05-14,https://nbdl.yonsei.ac.kr/acceptance-triboelectric-nanogenerator-accelerates-highly-efficient-nonviral-direct-conversion-and-in-vivo-reprogramming-of-fibroblasts-to-functional-neuronal-cells/,institutional,lab_announcement,body_read,confirmed,논문 제목과 서정목 공동 주저자·신세라와 Advanced Materials 표기를 대조했다.,"The paper title, Jungmok Seo as co-first author, Sera Shin and Advanced Materials match the publication.",개별 공개 공지의 날짜와 짧은 채택 안내 본문을 읽었다. 연구실 자체 공지이며 독립 취재로 집계하지 않는다.,"Read the dated individual acceptance announcement. This is a lab announcement, not independent reporting.",[33],,,,,
33,"[News] 서정목 박사님 논문, Advanced Materials의 Front Cover로 선정",Yonsei NanoBio Device Lab. (NBDL),2016-09-08,https://nbdl.yonsei.ac.kr/news-%EC%84%9C%EC%A0%95%EB%AA%A9-%EB%B0%95%EC%82%AC%EB%8B%98-%EB%85%BC%EB%AC%B8-advanced-materials%EC%9D%98-front-cover%EB%A1%9C-%EC%84%A0%EC%A0%95/,institutional,lab_announcement,body_read,confirmed,전체 논문명과 서정목·신세라를 명시한 표지 선정 공지이다.,"The cover announcement names the full paper title, Jungmok Seo and Sera Shin.",공지 본문과 최초 게시일을 읽었다. 표지 그림은 복사하지 않았다.,Read the announcement and original posting date; no cover image was copied.,[33],,,,,
33,진윤희 박사 논문 Advanced Materials에 Cover로 선정,Yonsei Stem Cell & Biomaterials Engineering Laboratory,2023-04-13,https://scbel.yonsei.ac.kr/bbs/board.php?bo_table=news&page=43&wr_id=28,institutional,lab_announcement,body_read,confirmed,전체 논문 제목과 진윤희 등 저자 및 2016년 28권 34호 7365–7374쪽을 대조했다.,"The full title, authors including Yoonhee Jin and the 2016 volume 28(34), pages 7365–7374 identify the paper.",공개 공지 본문을 읽었다. 페이지 표시일은 2023-04-13이며 2016년 연구 소식을 나중에 등록한 페이지로 구분한다.,Read the public notice. Its displayed date is 2023-04-13; it archives news concerning a 2016 paper.,[33],,,,,
33,Triboelectric Nanogenerator Devices: Triboelectric Nanogenerator Accelerates Highly Efficient Nonviral Direct Conversion and In Vivo Reprogramming of Fibroblasts to Functional Neuronal Cells (Adv. Mater. 34/2016),Wiley / Advanced Materials,2016-09-07,https://advanced.onlinelibrary.wiley.com/doi/abs/10.1002/adma.201670235,publisher_promotion,publisher_promotion,body_read,confirmed,별도 Cover Picture의 제목이 대상 논문과 일치하고 소개문은 T. Lee·S.-W. Cho와 7365쪽의 섬유아세포 신경 재프로그래밍 연구를 가리킨다.,"The distinct Cover Picture title and caption identify T. Lee, S.-W. Cho and the fibroblast reprogramming study on page 7365.",표지 소개 제목·출판일·전체 짧은 설명을 읽었다. 표지 DOI는 연구 논문 DOI와 별개이며 그림은 복제하지 않는다.,"Read the cover title, date and short caption. This cover DOI is distinct from the research DOI; the image is not reproduced.",[33],,,,,
32,[Acceptance] “Graphene Oxide Hierarchical Patterns for the Derivation of Electrophysiologically Functional Neuron-like Cells from Human Neural Stem Cells”,Yonsei NanoBio Device Lab. (NBDL),2016-06-20,https://nbdl.yonsei.ac.kr/acceptance-graphene-oxide-hierarchical-patterns-for-the-derivation-of-electrophysiologically-functional-neuron-like-cells-from-human-neural-stem-cells/,institutional,lab_announcement,body_read,confirmed,논문 제목과 이재홍·김다영·서정목과 ACS Applied Materials & Interfaces 표기를 대조했다.,"The paper title, Jaehong Lee, Dayeong Kim, Jungmok Seo and ACS Applied Materials & Interfaces match the publication.",개별 공개 공지의 날짜와 짧은 채택 안내 본문을 읽었다. 연구실 자체 공지이며 독립 취재로 집계하지 않는다.,"Read the dated individual acceptance announcement. This is a lab announcement, not independent reporting.",[32],,,,,
31,[Acceptance] “A Facile Method for Selective Decoration of Graphene Defects Based on a Galvanic Displacement Reaction”,Yonsei NanoBio Device Lab. (NBDL),2016-02-18,https://nbdl.yonsei.ac.kr/acceptance-a-facile-method-for-selective-decoration-of-graphene-defects-based-on-a-galvanic-displacement-reaction/,institutional,lab_announcement,body_read,confirmed,논문 제목과 홍주리·이상근·서정목과 NPG Asia Materials 표기를 대조했다. 원래 목록의 healing 대신 출판사 확정 제목인 decoration을 사용한 공지이다.,"The paper title, Juree Hong, Sanggeun Lee, Jungmok Seo and NPG Asia Materials match the publication. It uses the publisher-confirmed decoration title rather than the original catalogue wording healing.",개별 공개 공지의 날짜와 짧은 채택 안내 본문을 읽었다. 연구실 자체 공지이며 독립 취재로 집계하지 않는다.,"Read the dated individual acceptance announcement. This is a lab announcement, not independent reporting.",[31],,,,,
31,Transparent Heater [2/2],YouTube (uploader unverified),,https://www.youtube.com/watch?v=2NbIBDUKtkY,other_outreach,unresolved,access_blocked,candidate,검색 설명에 decoration 논문의 정확한 제목과 NPG Asia Materials가 포함돼 연결 후보로 남겼다.,"The search description names the decoration paper and NPG Asia Materials, making it a candidate.",YouTube 조회는 fetch throttled로 실패했다. 영상·자막·업로더·날짜를 확인하지 못했다.,"YouTube retrieval was throttled. The video, transcript, uploader and date were not verified.",[31],,,,,
30,[Acceptance] “Bio-inspired Extreme Wetting Surfaces for Biomedical Applications”,Yonsei NanoBio Device Lab. (NBDL),2016-02-15,https://nbdl.yonsei.ac.kr/acceptance-bio-inspired-extreme-wetting-surfaces-for-biomedical-applications-review-article/,institutional,lab_announcement,body_read,confirmed,논문 제목과 신세라·서정목 공동 주저자와 Materials 리뷰 표기를 대조했다.,"The paper title, Sera Shin and Jungmok Seo as co-first authors and the Materials review match the publication.",개별 공개 공지의 날짜와 짧은 채택 안내 본문을 읽었다. 연구실 자체 공지이며 독립 취재로 집계하지 않는다.,"Read the dated individual acceptance announcement. This is a lab announcement, not independent reporting.",[30],,,,,
29,[Acceptance] “Highly Stable Surface-Enhanced Raman Spectroscopy Substrates using Few Layer Graphene on Silver Nanoparticles”,Yonsei NanoBio Device Lab. (NBDL),2015-11-18,https://nbdl.yonsei.ac.kr/acceptance-highly-stable-surface-enhanced-raman-spectroscopy-substrates-using-few-layer-graphene-on-silver-nanoparticles/,institutional,lab_announcement,body_read,confirmed,논문 제목과 이재홍·신세라·강수빈·이상근·서정목과 Journal of Nanomaterials 표기를 대조했다.,"The paper title, Jaehong Lee, Sera Shin, Subin Kang, Sanggeun Lee, Jungmok Seo and Journal of Nanomaterials match the publication.",개별 공개 공지의 날짜와 짧은 채택 안내 본문을 읽었다. 연구실 자체 공지이며 독립 취재로 집계하지 않는다.,"Read the dated individual acceptance announcement. This is a lab announcement, not independent reporting.",[29],,,,,
28,[Acceptance] “The Impact of Atomic Layer Deposited SiO2 Passivation for High-k Ta1-xZrxO on InP Substrate”,Yonsei NanoBio Device Lab. (NBDL),2015-09-06,https://nbdl.yonsei.ac.kr/acceptance-impact-of-atomic-layer-deposited-sio2-passivation-for-high-k-ta1-xzrxo-on-inp-substrate/,institutional,lab_announcement,body_read,confirmed,논문 제목과 Chandreswar Mahata·서정목·Hassan Algadi와 Journal of Materials Chemistry C 표기를 대조했다.,"The paper title, Chandreswar Mahata, Jungmok Seo, Hassan Algadi and Journal of Materials Chemistry C match the publication.",개별 공개 공지의 날짜와 짧은 채택 안내 본문을 읽었다. 연구실 자체 공지이며 독립 취재로 집계하지 않는다.,"Read the dated individual acceptance announcement. This is a lab announcement, not independent reporting.",[28],,,,,
27,"[Acceptance] “Textile-based Electronic Components for Energy Applications: Principles, Problems, and Perspective”",Yonsei NanoBio Device Lab. (NBDL),2015-08-26,https://nbdl.yonsei.ac.kr/acceptance-textile-based-electronic-components-for-energy-applications-principles-problems-and-perspective/,institutional,lab_announcement,body_read,confirmed,논문 제목과 Vishakha Kaushik과 서정목 등 공저자 및 Nanomaterials 리뷰 표기를 대조했다.,"The paper title, Vishakha Kaushik, coauthors including Jungmok Seo, and the Nanomaterials review match the publication.",개별 공개 공지의 날짜와 짧은 채택 안내 본문을 읽었다. 연구실 자체 공지이며 독립 취재로 집계하지 않는다.,"Read the dated individual acceptance announcement. This is a lab announcement, not independent reporting.",[27],,,,,
26,[Acceptance] “Proton irradiation energy dependence of defect formation in graphene”,Yonsei NanoBio Device Lab. (NBDL),2015-04-03,https://nbdl.yonsei.ac.kr/acceptance-proton-irradiation-energy-dependence-of-defect-formation-in-graphene-2/,institutional,lab_announcement,body_read,confirmed,논문 제목과 이상근·서정목과 Applied Surface Science 표기를 대조했다.,"The paper title, Sanggeun Lee, Jungmok Seo and Applied Surface Science match the publication.",개별 공개 공지의 날짜와 짧은 채택 안내 본문을 읽었다. 연구실 자체 공지이며 독립 취재로 집계하지 않는다.,"Read the dated individual acceptance announcement. This is a lab announcement, not independent reporting.",[26],,,,,
25,[Acceptance] “Reversible liquid adhesion switching of superamphiphobic Pd-decorated Ag dendrites via gas-induced structural changes”,Yonsei NanoBio Device Lab. (NBDL),,https://nbdl.yonsei.ac.kr/acceptance-reversible-liquid-adhesion-switching-of-superamphiphobic-pd-decorated-ag-dendrites-via-gas-induced-structural-changes/,institutional,lab_announcement,access_blocked,candidate,공개 검색에 정확한 논문 제목의 채택 공지가 노출됐지만 본문 대조는 완료하지 못했다.,"Search exposed an acceptance announcement with the exact paper title, but its body could not be verified.",개별 URL은 도구 접근 오류를 반환했고 관련 Board 페이지는 사람 확인 절차를 표시했다. 우회하지 않았으며 날짜는 확정하지 않았다.,The individual URL returned a retrieval error; the related Board page showed a human-verification gate. No bypass was attempted and the date remains unverified.,[25],,,,,
24,[Acceptance] “Path-programmable water droplet manipulations on an adhesion controlled superhydrophobic surface”,Yonsei NanoBio Device Lab. (NBDL),2015-06-12,https://nbdl.yonsei.ac.kr/acceptance-path-programmable-water-droplet-manipulations-on-an-adhesion-controlled-superhydrophobic-surface/,institutional,lab_announcement,body_read,confirmed,논문 제목과 서정목 주저자·이재홍 공저자와 Scientific Reports 표기를 대조했다.,"The paper title, Jungmok Seo as first author, Jaehong Lee and Scientific Reports match the publication.",개별 공개 공지의 날짜와 짧은 채택 안내 본문을 읽었다. 연구실 자체 공지이며 독립 취재로 집계하지 않는다.,"Read the dated individual acceptance announcement. This is a lab announcement, not independent reporting.",[24],,,,,
23,[Acceptance] “Efficient Direct Reduction of Graphene Oxide by Silicon Substrate”,Yonsei NanoBio Device Lab. (NBDL),2015-06-25,https://nbdl.yonsei.ac.kr/acceptance-efficient-direct-reduction-of-graphene-oxide-by-silicon-substrate/,institutional,lab_announcement,body_read,confirmed,논문 제목과 서정목 공저자와 Scientific Reports 표기를 대조했다.,"The paper title, Jungmok Seo as coauthor and Scientific Reports match the publication.",개별 공개 공지의 날짜와 짧은 채택 안내 본문을 읽었다. 연구실 자체 공지이며 독립 취재로 집계하지 않는다.,"Read the dated individual acceptance announcement. This is a lab announcement, not independent reporting.",[23],,,,,
21,"[News] “변형 감지 특성을 이용한 하이브리드형 고신축성, 전도성 섬유 개발” 언론 보도",Yonsei NanoBio Device Lab. (NBDL),2015-05-27,https://nbdl.yonsei.ac.kr/news-%EB%B3%80%ED%98%95-%EA%B0%90%EC%A7%80-%ED%8A%B9%EC%84%B1%EC%9D%84-%EC%9D%B4%EC%9A%A9%ED%95%9C-%ED%95%98%EC%9D%B4%EB%B8%8C%EB%A6%AC%EB%93%9C%ED%98%95-%EA%B3%A0%EC%8B%A0%EC%B6%95%EC%84%B1/,institutional,lab_announcement,body_read,confirmed,연세대 이태윤·김대은 연구팀의 신축성 전도성 섬유와 수화 감지 보도를 모은 공지이다. 같은 공개 아카이브의 표지 공지에 #21의 정확한 제목이 있다.,The lab collects coverage of its stretchable conductive fiber and sign-sensing glove. The adjacent cover announcement names paper #21 exactly.,개별 공지 본문과 매체 링크 목록을 읽었다. 매체 이름만으로 검증 기사 수를 늘리지 않는다.,Read the individual lab post and linked-outlet list. Outlet names alone do not establish verified article counts.,[21],,,,,
21,'수화를 글자로'...스마트 장갑 개발,YTN,2015-05-23,https://www.ytn.co.kr/_ln/0105_201505231247597870,independent_media,independent_reporting,body_read,confirmed,"NBDL의 #21 보도 공지가 이 기사를 직접 연결하고, 본문의 손승배·이슬아 인터뷰와 신축성 섬유를 통한 손가락 변형 감지가 해당 연구와 일치한다.",NBDL links this report for #21; interviews with Seungbae Son and Seulah Lee and finger-strain sensing with stretchable fibers identify the study.,이동은 기자의 보도 텍스트와 인터뷰 전사를 읽었다. 논문 DOI는 기사에 표시되지 않으며 영상 자체 시청으로 주장하지 않는다.,Read the report text and interview transcript by reporter Dong-eun Lee. The article does not display the DOI; no claim is made to having watched the video.,[21],,,,,
21,수화 알아듣는 스마트 장갑,동아사이언스,2015-05-13,https://www.dongascience.com/ko/news/6925,independent_media,unresolved,body_read,confirmed,"이태윤·이슬아, Advanced Functional Materials, 은 나노와이어와 은 나노입자의 습식방사 섬유 및 수화 알파벳 감지가 #21과 일치한다.","Taeyoon Lee, Seulah Lee, Advanced Functional Materials, wet-spun Ag-nanowire/Ag-nanoparticle fibers and alphabet-sign sensing identify #21.",최영준 기자 명의의 본문 전체를 읽었다. 연세대 제공 자료와 연구자 인용이 있지만 별도 현장 취재 여부는 확인되지 않아 편집 유형은 미확정이다.,"Read the complete bylined text. It uses Yonsei-provided material and a researcher quote; separate on-site reporting is not established, so editorial provenance remains unresolved.",[21],,,,,
21,Stretchable Electronics: Ag Nanowire Reinforced Highly Stretchable Conductive Fibers for Wearable Electronics (Adv. Funct. Mater. 21/2015),Wiley / Advanced Functional Materials,2015-06-01,https://advanced.onlinelibrary.wiley.com/doi/abs/10.1002/adfm.201570139,publisher_promotion,publisher_promotion,body_read,confirmed,"Cover Picture 제목이 #21과 같고 설명은 T. Lee, 3114쪽, 은 나노입자·나노와이어 복합 섬유와 장갑 응용을 명시한다.","The Cover Picture title matches #21; its caption names T. Lee, page 3114, hybrid Ag-nanoparticle/nanowire fibers and the glove.",별도 표지 소개의 제목·출판일·짧은 설명을 읽었다. 연구 논문 DOI와 다른 홍보용 표지 DOI이며 그림은 복제하지 않는다.,"Read the separate cover title, date and caption. Its DOI belongs to the cover feature, not the research article; no image is reproduced.",[21],,,,,
21,변형센서 하이브리드형 고신축성·전도성 섬유 개발,연합뉴스,,https://www.yonhapnews.co.kr/bulletin/2015/05/13/0200000000AKR20150513104200063.HTML?input=1195m,independent_media,unresolved,access_blocked,candidate,NBDL 보도 공지가 해당 URL을 연결한다.,NBDL links this URL in its coverage announcement.,robots 제한으로 기사 본문을 읽지 못했다. 날짜는 URL 숫자에서 추정하지 않았다.,Robots restrictions prevented reading the article. The date was not inferred from URL digits.,[21],,,,,
21,"연세대 이태윤 교수 연구팀, 신축성 높은 전도성 스마트 섬유 센서 개발",한겨레,,https://www.hani.co.kr/arti/science/science_general/691004.html,independent_media,unresolved,access_blocked,candidate,NBDL 보도 공지가 해당 제목과 URL을 연결한다.,NBDL supplies this title and URL.,공개 조회가 HTTP 403을 반환했다. 실제 기사 제목·본문·날짜의 직접 확인은 보류한다.,"Public retrieval returned HTTP 403. The article title, body and date remain directly unverified.",[21],,,,,
20,[News] “은 나노입자를 이용한 고민감 스마트 섬유 압력 센서 개발” 언론 보도,Yonsei NanoBio Device Lab. (NBDL),2015-05-13,https://nbdl.yonsei.ac.kr/news-%EC%9D%80-%EB%82%98%EB%85%B8%EC%9E%85%EC%9E%90%EB%A5%BC-%EC%9D%B4%EC%9A%A9%ED%95%9C-%EA%B3%A0%EB%AF%BC%EA%B0%90-%EC%8A%A4%EB%A7%88%ED%8A%B8-%EC%84%AC%EC%9C%A0-%EC%95%95%EB%A0%A5-%EC%84%BC/,institutional,lab_announcement,body_read,confirmed,은 나노입자 압력 센서와 드론 조종 장갑 보도를 모은 공지이다. 같은 공개 아카이브의 표지 공지와 BioIN 보도자료에서 #20의 정확한 제목을 대조했다.,The lab collects coverage of the Ag-nanoparticle pressure sensor and drone glove. The archive cover notice and BioIN release identify paper #20 exactly.,개별 공지 본문과 매체 링크 목록을 읽었다. 매체 이름만으로 검증 기사 수를 늘리지 않는다.,Read the individual lab post and linked-outlet list. Outlet names alone do not establish verified article counts.,[20],,,,,
20,웨어러블 기기용 초민감형 스마트 섬유 센서 개발,BioIN / 국가생명공학정책연구센터,2015-04-21,https://www.bioin.or.kr/rsrch_Rslt.do?num=251525,institutional,press_release_republication,partial_body_read,confirmed,본문이 #20의 정확한 영어 논문명과 이태윤·Advanced Materials를 명시하며 섬유 압력 센서 및 드론 장갑을 설명한다.,"The text names paper #20 exactly, Taeyoon Lee and Advanced Materials, and describes the fiber pressure sensor and drone glove.",핵심내용·연구 개요·질의응답 표시 부분을 읽었다. 교육부·한국연구재단 자료와 원문 링크가 표시된 기관 전재이며 끝에 계속 표기가 있어 첨부 원자료 전체를 읽었다고 하지 않는다.,"Read the displayed summary, research outline and Q&A. It republishes a Ministry of Education/NRF release and ends with a continuation marker; the full original attachment was not read.",[20],,,,,
20,드론 조종 자유자재 요술 장갑 신기하네,동아일보,2015-02-27,https://www.donga.com/news/It/article/all/20150227/69835128/1,independent_media,independent_reporting,body_read,confirmed,이태윤 연구팀·Advanced Materials·은 나노입자/PDMS 섬유·교차 압력 센서·드론 장갑이 #20과 일치하고 NBDL이 해당 기사를 연결한다.,"Taeyoon Lee, Advanced Materials, Ag-nanoparticle/PDMS fibers, crossed pressure sensors and the drone glove match #20; NBDL links this article.",이우상 기자의 시연 묘사와 연구자 발언을 포함한 본문을 읽었다. 아래 동아사이언스 기사와 같은 기자·중복 본문이 있어 별개 독립 취재 건으로 중복 집계하지 않는다.,Read the reporter narrative and researcher quotation. It overlaps with the Donga Science article by the same reporter and is not a second independent reporting event.,[20],,,,,
20,장갑 끼고 드론 조종해봤나,동아사이언스,2015-02-27,https://www.dongascience.com/ko/news/6222,independent_media,independent_reporting,body_read,confirmed,동아일보와 같은 이우상 기자의 기사이며 이태윤·Advanced Materials·PDMS로 덮인 교차 섬유 압력 센서와 드론 시연이 #20을 특정한다.,"The same reporter identifies Taeyoon Lee, Advanced Materials, PDMS-coated crossed fiber pressure sensors and the drone demonstration in #20.",기명 기사 전체 본문을 읽었다. 동아일보 기사와 문장 대부분이 겹치는 확장본이며 별도 취재 한 건으로 더하지 않는다. 상용화 전망은 당시 발언이다.,"Read the bylined article. It substantially overlaps the Donga Ilbo report, with added material; do not count it as an additional reporting event. Commercialization forecasts are historical statements.",[20],,,,,
20,쌀 한 톨 무게도 측정가능한 초민감형 압력센서 개발,연합뉴스,,https://www.yna.co.kr/view/AKR20150420094500017,independent_media,unresolved,access_blocked,candidate,검색 설명의 이태윤·섬유 압력 센서·Advanced Materials가 #20과 부합하지만 본문은 확인하지 못했다.,"The search description names Taeyoon Lee, the fiber pressure sensor and Advanced Materials, but the body was unavailable.",개별 페이지 조회 오류로 검색 설명 이상의 본문 확인을 하지 못했다.,The individual-page retrieval failed; only the search description was available.,[20],,,,,
20,장갑으로 드론 조종한다…스마트 섬유 개발,YTN (YouTube embed),,https://www.youtube.com/embed/NWF2LlJEu-k,independent_media,unresolved,access_blocked,candidate,NBDL의 #20 공지가 YTN 영상으로 연결한다.,NBDL links this as a YTN video for #20.,YouTube 조회가 throttled로 실패했다. 영상·자막·게시 날짜는 확인하지 못했다.,"YouTube retrieval was throttled; video, transcript and posting date were not verified.",[20],,,,,
20,Bizline－Smart fabric for wearable devices 웨어러블을 위한 스마트 섬유,Arirang TV (YouTube embed),,https://www.youtube.com/embed/fIZ3puXoZKQ,independent_media,unresolved,access_blocked,candidate,NBDL의 #20 보도 공지에 아리랑 TV 영상으로 연결된다.,NBDL links it as an Arirang TV segment for #20.,YouTube 조회가 throttled로 실패했다. 실제 영상 내용과 독립 취재 여부는 미확인이다.,YouTube retrieval was throttled. The actual segment and reporting provenance remain unverified.,[20],,,,,
20,Advanced Materials cover feature linked by NBDL (10.1002/adma.201570100),Wiley / Advanced Materials,,https://advanced.onlinelibrary.wiley.com/doi/abs/10.1002/adma.201570100,publisher_promotion,publisher_promotion,access_blocked,candidate,NBDL의 공개 아카이브가 #20 정확한 제목의 표지 선정 공지에서 이 별도 표지 DOI로 연결한다.,The NBDL archive links this distinct cover DOI from its notice naming #20 exactly.,full 및 abs 공개 페이지 모두 조회 실패로 출판사 페이지의 정확한 제목·날짜·설명은 직접 확인하지 못했다.,"Both full and abs retrieval failed; the exact publisher title, date and caption were not directly verified.",[20],,,,,
20,[사이언스TV] 장갑으로 드론 조종한다…스마트 섬유 개발,ScienceAll / 한국과학창의재단,2015-04-28,https://www.scienceall.com/brd/board/330/L/menu/233?bbsSn=104351&brdCodeValue=&brdType=R&thisPage=1,other_outreach,other_outreach,partial_body_read,candidate,NBDL이 #20에 연결한 YTN 제목과 같고 드론·압력 인식·나노입자 코팅 태그가 부합하지만 저자나 논문명이 표시되지 않는다.,"The title matches the YTN item linked by NBDL for #20 and the tags fit drone pressure sensing, but no paper title or authors are displayed.",실제 페이지 제목·날짜·태그를 읽었다. 연결 영상 bdhXbPC_we8은 조회 제한으로 내용을 읽지 못해 최종 동일성은 후보로 남긴다.,"Read the actual page title, date and tags. Linked video bdhXbPC_we8 was throttled; final paper association remains a candidate.",[20],,,,,
19,[Acceptance] “A highly sensitive hydrogen sensor with gas selectivity using a PMMA membrane-coated Pd nanoparticle/single-layer graphene hybrid”,Yonsei NanoBio Device Lab. (NBDL),2015-01-30,https://nbdl.yonsei.ac.kr/acceptance-a-highly-sensitive-hydrogen-sensor-with-gas-selectivity-using-a-pmma-membrane-coated-pd-nanoparticlesingle-layer-graphene-hybrid/,institutional,lab_announcement,body_read,confirmed,논문 제목과 홍주리·이상근·서정목과 ACS Applied Materials & Interfaces 표기를 대조했다.,"The paper title, Juree Hong, Sanggeun Lee, Jungmok Seo and ACS Applied Materials & Interfaces match the publication.",개별 공개 공지의 날짜와 짧은 채택 안내 본문을 읽었다. 연구실 자체 공지이며 독립 취재로 집계하지 않는다.,"Read the dated individual acceptance announcement. This is a lab announcement, not independent reporting.",[19],,,,,
18,[Acceptance] “Preparation of a self-assembled organosilane coating on carbon black as a catalyst support in polymer electrolyte membrane fuel cells”,Yonsei NanoBio Device Lab. (NBDL),2014-11-03,https://nbdl.yonsei.ac.kr/acceptance-preparation-of-a-self-assembled-organosilane-coating-on-carbon-black-as-a-catalyst-support-in-polymer-electrolyte-membrane-fuel-cells/,institutional,lab_announcement,body_read,confirmed,논문 제목과 서정목 공저자와 Journal of Power Sources 표기를 대조했다.,"The paper title, Jungmok Seo as coauthor and Journal of Power Sources match the publication.",개별 공개 공지의 날짜와 짧은 채택 안내 본문을 읽었다. 연구실 자체 공지이며 독립 취재로 집계하지 않는다.,"Read the dated individual acceptance announcement. This is a lab announcement, not independent reporting.",[18],,,,,
17,[Acceptance] “Electrostatic-Induced Trajectory Switching System on a Multi -InletMulti-Outlet Superhydrophobic Droplet Guiding Track”,Yonsei NanoBio Device Lab. (NBDL),2015-01-30,https://nbdl.yonsei.ac.kr/acceptance-electrostatic-induced-trajectory-switching-system-on-a-multi-inletmulti-outlet-superhydrophobic-droplet-guiding-track/,institutional,lab_announcement,body_read,confirmed,논문 제목과 이순일·이슬아·김다영·서정목과 RSC Advances 표기를 대조했다.,"The paper title, Soonil Lee, Seulah Lee, Dayeong Kim, Jungmok Seo and RSC Advances match the publication.",개별 공개 공지의 날짜와 짧은 채택 안내 본문을 읽었다. 연구실 자체 공지이며 독립 취재로 집계하지 않는다.,"Read the dated individual acceptance announcement. This is a lab announcement, not independent reporting.",[17],,,,,
16,[Acceptance] “Enhancement of X-ray detection by single-wall carbon nanotubes enriched flexible polymer composite”,NanoBio Device Lab. (Yonsei University),2014-11-03,https://nbdl.yonsei.ac.kr/acceptance-enhancement-of-x-ray-detection-by-single-wall-carbon-nanotubes-enriched-flexible-polymer-composite/,institutional,lab_announcement,body_read,confirmed,"제목의 single-wall/single-walled 단·복수 표기 차이는 있으나, 한희탁·이상근·Mahata·서정목 및 Nanoscale Research Letters의 X-ray 검출 연구가 #16과 일치합니다.","Despite a single-wall/single-walled wording variation, the title, Han/Lee/Mahata/Seo authors and Nanoscale Research Letters study match #16.",개별 공지 본문·제목·첫 게시일을 읽었습니다. 함께 표시된 2015년 날짜는 갱신 표기입니다. DOI는 공지에 없으며 연구실 자체 채택 공지로 분류했습니다.,"Read the individual title, announcement and initial posting date. The adjacent 2015 date is an update marker. The post contains no DOI and is classified as a lab acceptance announcement.",[16],,,,,
15,[Acceptance] “Coupled self-assembled monolayer for enhancement of Cu diffusion barrier and adhesion properties”,NanoBio Device Lab. (Yonsei University),2014-11-05,https://nbdl.yonsei.ac.kr/acceptance-coupled-self-assembled-monolayer-for-enhancement-of-cu-diffusion-barrier-and-adhesion-properties/,institutional,lab_announcement,body_read,confirmed,"정확 제목과 정용원·이상근·Mahata·서정목, RSC Advances 게재 채택 내용이 #15의 Cu 확산 장벽·접착 연구와 일치합니다.","The exact title, Chung/Lee/Mahata/Seo and RSC Advances acceptance match #15's Cu barrier/adhesion study.",개별 공지 본문·제목·첫 게시일을 읽었습니다. 함께 표시된 2015년 날짜는 갱신 표기입니다. DOI는 공지에 없으며 연구실 자체 채택 공지로 분류했습니다.,"Read the individual title, announcement and initial posting date. The adjacent 2015 date is an update marker. The post contains no DOI and is classified as a lab acceptance announcement.",[15],,,,,
14,"[Acceptance] “Switchable Water-Adhesive, Superhydrophobic Palladium-Layered Silicon Nanowires Potentiate the Angiogenic Efficacy of Human Stem Cell Spheroids”",NanoBio Device Lab. (Yonsei University),2014-08-02,https://nbdl.yonsei.ac.kr/acceptance-switchable-water-adhesive-superhydrophobic-palladium-layered-silicon-nanowires-potentiate-the-angiogenic-efficacy-of-human-stem-cell-spheroids/,institutional,lab_announcement,body_read,confirmed,"정확 제목과 서정목·Mahata·김다영·신세라, Advanced Materials 채택 내용이 #14의 스페로이드 논문과 일치합니다.","The exact title, Seo/Mahata/Kim/Shin and Advanced Materials acceptance match spheroid paper #14.",개별 공지 본문·제목·첫 게시일을 읽었습니다. 함께 표시된 2015년 날짜는 갱신 표기입니다. DOI는 공지에 없으며 연구실 자체 채택 공지로 분류했습니다.,"Read the individual title, announcement and initial posting date. The adjacent 2015 date is an update marker. The post contains no DOI and is classified as a lab acceptance announcement.",[14],,,,,
14,"Stem Cell Spheroids: Switchable Water-Adhesive, Superhydrophobic Palladium-Layered Silicon Nanowires Potentiate the Angiogenic Efficacy of Human Stem Cell Spheroids (Adv. Mater. 41/2014)",Wiley — Advanced Materials,2014-11-03,https://advanced.onlinelibrary.wiley.com/toc/15214095/2014/26/41,publisher_promotion,publisher_promotion,partial_body_read,confirmed,목차의 별도 Cover Picture 항목은 정확 제목·전체 저자 및 원논문 시작 쪽 7043을 명시합니다. #14의 표지 소개이며 원논문 DOI와 다른 표지 DOI 10.1002/adma.201470280에 연결됩니다.,"The separate Cover Picture entry matches the exact title, full authors and original page 7043. It is #14's cover feature, linked to cover DOI 10.1002/adma.201470280.",공식 호 목차의 표지 소개 본문·저자·첫 게시일을 읽었습니다. 표지 개별 DOI 페이지는 403이었으며 표지 이미지나 원문을 복제하지 않았습니다.,"Read the cover-description text, authors and first-publication date on the official issue page. The individual cover DOI returned 403; no cover image or paper was reproduced.",[14],,,,,
13,[Acceptance] “Capillary force-induced glue-free printing of Ag nanoparticle arrays for highly sensitive SERS substrates”,NanoBio Device Lab. (Yonsei University),2014-05-17,https://nbdl.yonsei.ac.kr/category/board/acceptance/page/5/,institutional,lab_announcement,partial_body_read,confirmed,"정확 제목과 이재홍·서정목·김다영·신세라·이상근·Mahata, ACS Applied Materials & Interfaces 채택 내용이 #13과 일치합니다.",The exact title and Lee/Seo/Kim/Shin/Lee/Mahata authors match #13's ACS Applied Materials & Interfaces paper.,공식 Acceptance 보관 페이지의 해당 공지 본문과 첫 게시일을 확인했습니다. 개별 공지 URL은 보안 확인 화면으로 차단되었습니다. 연구실 자체 채택 공지이며 독립 취재가 아닙니다.,"Read this announcement and its initial date within the official Acceptance archive. The individual URL displayed human verification. This is lab self-promotion, not independent reporting.",[13],,,,,
11,[Acceptance] “Gas-Driven Ultrafast Reversible Switching of Super-hydrophobic Adhesion on Palladium-Coated Silicon Nanowires”,NanoBio Device Lab. (Yonsei University),2013-08-13,https://nbdl.yonsei.ac.kr/acceptance-gas-driven-ultrafast-reversible-switching-of-super-hydrophobic-adhesion-on-palladium-coated-silicon-nanowires/,institutional,lab_announcement,body_read,confirmed,정확 제목과 서정목·이순일·한희탁·홍주리 조합이 #11과 일치합니다. 공지의 'Applied Materials'는 정본 Advanced Materials와 다릅니다.,"The exact title and Seo/Soonil Lee/Han/Hong identify #11. The post says 'Applied Materials', unlike the canonical Advanced Materials journal.",개별 공지 본문·제목·첫 게시일을 읽었습니다. 함께 표시된 2015년 날짜는 갱신 표기입니다. DOI는 공지에 없으며 연구실 자체 채택 공지로 분류했습니다.,"Read the individual title, announcement and initial posting date. The adjacent 2015 date is an update marker. The post contains no DOI and is classified as a lab acceptance announcement.",[11],,,,,
